"","subID","Grit_score","BSCS_score","BFI_E_score","BFI_A_score","BFI_C_score","BFI_N_score","BFI_O_score","Planfulness_score","Count","term"
"1","9985046",3.33333333333333,2.76923076923077,3.38333333333333,3.28497267759563,3.44626300017627,3.25578680970008,3.34953680970008,3.93333333333333,29,"fall"
"30","9985046",3.33333333333333,2.76923076923077,3.38333333333333,3.28497267759563,3.44626300017627,3.25578680970008,3.34953680970008,3.93333333333333,49,"winter"
"79","9886086",2,1.46153846153846,3.55,3.35327868852459,3.28876255949233,3.98717525790503,3.36217525790503,2.76666666666667,32,"fall"
"111","9886086",2,1.46153846153846,3.55,3.35327868852459,3.28876255949233,3.98717525790503,3.36217525790503,2.76666666666667,26,"winter"
"137","9884883",2.91666666666667,3.69230769230769,3.4,3.00655737704918,3.26462189317821,3.07414570270202,3.26164570270202,3.56666666666667,21,"fall"
"158","9884883",2.91666666666667,3.69230769230769,3.4,3.00655737704918,3.26462189317821,3.07414570270202,3.26164570270202,3.56666666666667,45,"winter"
"203","9803716",2.5,2.53846153846154,3.01666666666667,2.91830601092896,3.07959633350961,3.07959633350961,3.01709633350961,3.23333333333333,7,"fall"
"210","9803716",2.5,2.53846153846154,3.01666666666667,2.91830601092896,3.07959633350961,3.07959633350961,3.01709633350961,3.23333333333333,17,"winter"
"227","9792061",3,2.92307692307692,3.85,3.58770491803279,3.74899524061343,3.65375714537534,3.77875714537534,3.4,1,"fall"
"228","9792061",3,2.92307692307692,3.85,3.58770491803279,3.74899524061343,3.65375714537534,3.77875714537534,3.4,23,"winter"
"251","9777572",3.41666666666667,3.46153846153846,3.51666666666667,3.54945355191257,3.61396968094483,3.20127126824641,3.85752126824641,3.7,5,"fall"
"256","9777572",3.41666666666667,3.46153846153846,3.51666666666667,3.54945355191257,3.61396968094483,3.20127126824641,3.85752126824641,3.7,14,"winter"
"270","9707611",3.66666666666667,3.53846153846154,3.08333333333333,3.24726775956284,3.44081614665962,3.1233558291993,3.0608558291993,3.8,57,"fall"
"327","9707611",3.66666666666667,3.53846153846154,3.08333333333333,3.24726775956284,3.44081614665962,3.1233558291993,3.0608558291993,3.8,26,"winter"
"353","9660851",3.41666666666667,3.07692307692308,3.38333333333333,3.35054644808743,3.06022386744227,3.15546196268037,3.43671196268037,3,1,"fall"
"354","9660851",3.41666666666667,3.07692307692308,3.38333333333333,3.35054644808743,3.06022386744227,3.15546196268037,3.43671196268037,3,35,"winter"
"389","9655426",4.33333333333333,4.07692307692308,3.05,3.1483606557377,3.24513484928609,2.70545230960355,3.17420230960355,3.83333333333333,46,"fall"
"435","9655426",4.33333333333333,4.07692307692308,3.05,3.1483606557377,3.24513484928609,2.70545230960355,3.17420230960355,3.83333333333333,73,"winter"
"508","9640166",4.25,3.46153846153846,3.43333333333333,3.20382513661202,3.26834126564428,3.36357936088238,3.51982936088238,4.43333333333333,4,"fall"
"512","9640166",4.25,3.46153846153846,3.43333333333333,3.20382513661202,3.26834126564428,3.36357936088238,3.51982936088238,4.43333333333333,17,"winter"
"529","9615390",4.08333333333333,3.53846153846154,3.5,3.4344262295082,3.17636171337916,2.89064742766488,3.39064742766488,3.6,8,"fall"
"537","9615390",4.08333333333333,3.53846153846154,3.5,3.4344262295082,3.17636171337916,2.89064742766488,3.39064742766488,3.6,36,"winter"
"573","9603803",3.66666666666667,2.84615384615385,3.58333333333333,3.55054644808743,3.2924819319584,3.00676764624411,3.50676764624411,3.06666666666667,12,"fall"
"585","9603803",3.66666666666667,2.84615384615385,3.58333333333333,3.55054644808743,3.2924819319584,3.00676764624411,3.50676764624411,3.06666666666667,36,"winter"
"621","9601316",3.91666666666667,3,3.93333333333333,3.93333333333333,3.77204301075269,3.5815668202765,3.5503168202765,4.03333333333333,27,"fall"
"648","9601316",3.91666666666667,3,3.93333333333333,3.93333333333333,3.77204301075269,3.5815668202765,3.5503168202765,4.03333333333333,32,"winter"
"680","9577315",3.66666666666667,4.23076923076923,3.28333333333333,3.48005464480874,3.3187643222281,2.87431987778365,3.09306987778365,3.16666666666667,21,"fall"
"701","9577315",3.66666666666667,4.23076923076923,3.28333333333333,3.48005464480874,3.3187643222281,2.87431987778365,3.09306987778365,3.16666666666667,33,"winter"
"734","9567472",3.58333333333333,4.07692307692308,3.21666666666667,3.18387978142077,3.34517010400141,3.02770978654109,3.55895978654109,4.63333333333333,41,"fall"
"775","9567472",3.58333333333333,4.07692307692308,3.21666666666667,3.18387978142077,3.34517010400141,3.02770978654109,3.55895978654109,4.63333333333333,40,"winter"
"815","9545166",3.5,3.38461538461538,3.35,3.2516393442623,3.15486515071391,3.02788102372978,3.34038102372978,3.96666666666667,52,"fall"
"867","9545166",3.5,3.38461538461538,3.35,3.2516393442623,3.15486515071391,3.02788102372978,3.34038102372978,3.96666666666667,60,"winter"
"927","9426570",2.75,3.46153846153846,3.11666666666667,3.14945355191257,3.1817116164287,2.89599733071441,3.14599733071441,3.5,44,"fall"
"971","9426570",2.75,3.46153846153846,3.11666666666667,3.14945355191257,3.1817116164287,2.89599733071441,3.14599733071441,3.5,44,"winter"
"1015","9406228",4,3.84615384615385,3.18333333333333,3.31448087431694,3.34673893883307,2.87054846264259,3.43304846264259,3.4,7,"fall"
"1022","9406228",4,3.84615384615385,3.18333333333333,3.31448087431694,3.34673893883307,2.87054846264259,3.43304846264259,3.4,30,"winter"
"1052","9385741",3,3.15384615384615,3,3.0327868852459,2.96827075621364,2.71430250224539,3.08930250224539,3.7,29,"fall"
"1081","9385741",3,3.15384615384615,3,3.0327868852459,2.96827075621364,2.71430250224539,3.08930250224539,3.7,51,"winter"
"1132","9371079",3.5,2.15384615384615,3.43333333333333,3.30218579234973,3.2699277278336,3.20643566434153,3.48768566434153,3.46666666666667,56,"fall"
"1188","9371079",3.5,2.15384615384615,3.43333333333333,3.30218579234973,3.2699277278336,3.20643566434153,3.48768566434153,3.46666666666667,24,"winter"
"1212","9364184",3.91666666666667,4.53846153846154,3.43333333333333,3.43333333333333,3.62688172043011,2.89672299027138,3.55297299027138,4.33333333333333,13,"fall"
"1225","9364184",3.91666666666667,4.53846153846154,3.43333333333333,3.43333333333333,3.62688172043011,2.89672299027138,3.55297299027138,4.33333333333333,36,"winter"
"1261","9347987",4.33333333333333,3.76923076923077,3.45,3.25327868852459,3.31779481755685,2.74636624612828,3.40261624612828,4.4,35,"fall"
"1296","9347987",4.33333333333333,3.76923076923077,3.45,3.25327868852459,3.31779481755685,2.74636624612828,3.40261624612828,4.4,41,"winter"
"1337","9296431",2.58333333333333,2.46153846153846,3,3.19672131147541,2.97091485986251,2.87567676462441,3.25067676462441,3,0,"fall"
"1338","9296431",2.58333333333333,2.46153846153846,3,3.19672131147541,2.97091485986251,2.87567676462441,3.25067676462441,3,17,"winter"
"1355","9275818",3.41666666666667,2.92307692307692,3.6,3.6,3.63225806451613,3.56876600102407,3.63126600102407,3.46666666666667,0,"fall"
"1356","9275818",3.41666666666667,2.92307692307692,3.6,3.6,3.63225806451613,3.56876600102407,3.63126600102407,3.46666666666667,27,"winter"
"1383","9188921",3.83333333333333,3.15384615384615,3.1,3.42786885245902,3.36335272342676,2.91890827898231,3.45015827898231,3.7,34,"fall"
"1417","9188921",3.83333333333333,3.15384615384615,3.1,3.42786885245902,3.36335272342676,2.91890827898231,3.45015827898231,3.7,7,"winter"
"1424","9166862",3,2.53846153846154,3.43333333333333,3.26939890710383,3.33391503613608,3.42915313137418,3.14790313137418,3.6,31,"fall"
"1455","9166862",3,2.53846153846154,3.43333333333333,3.26939890710383,3.33391503613608,3.42915313137418,3.14790313137418,3.6,53,"winter"
"1508","9090959",3.33333333333333,3.07692307692308,3.18333333333333,3.24890710382514,2.9908425876961,2.95909655595007,3.39659655595007,3.83333333333333,41,"fall"
"1549","9090959",3.33333333333333,3.07692307692308,3.18333333333333,3.24890710382514,2.9908425876961,2.95909655595007,3.39659655595007,3.83333333333333,49,"winter"
"1598","9047427",4.16666666666667,3.15384615384615,3.28333333333333,3.08661202185792,3.2801604089547,2.93095405974835,3.14970405974835,4.06666666666667,50,"fall"
"1648","9047427",4.16666666666667,3.15384615384615,3.28333333333333,3.08661202185792,3.2801604089547,2.93095405974835,3.14970405974835,4.06666666666667,71,"winter"
"1719","8955816",3.58333333333333,3.76923076923077,3.15,3.34672131147541,3.15317292437864,2.67698244818816,3.17698244818816,3.23333333333333,21,"fall"
"1740","8955816",3.58333333333333,3.76923076923077,3.15,3.34672131147541,3.15317292437864,2.67698244818816,3.17698244818816,3.23333333333333,20,"winter"
"1760","8955739",3.25,3.30769230769231,3.26666666666667,3.26666666666667,3.20215053763441,3.13865847414234,3.35740847414234,3.7,0,"fall"
"1761","8955739",3.25,3.30769230769231,3.26666666666667,3.26666666666667,3.20215053763441,3.13865847414234,3.35740847414234,3.7,18,"winter"
"1779","8941162",3.83333333333333,3.61538461538462,3.23333333333333,3.52841530054645,3.30260884893355,3.33435488067958,3.45935488067958,4,42,"fall"
"1821","8941162",3.83333333333333,3.61538461538462,3.23333333333333,3.52841530054645,3.30260884893355,3.33435488067958,3.45935488067958,4,38,"winter"
"1859","8934989",3.16666666666667,1.92307692307692,3.46666666666667,3.33551912568306,3.17422880310242,3.39645102532464,3.33395102532464,3.16666666666667,15,"fall"
"1874","8934989",3.16666666666667,1.92307692307692,3.46666666666667,3.33551912568306,3.17422880310242,3.39645102532464,3.33395102532464,3.16666666666667,31,"winter"
"1905","8898997",3.5,3.07692307692308,3,3.22950819672131,3.13273400317292,3.19622606666499,3.03997606666499,3.2,12,"fall"
"1917","8898997",3.5,3.07692307692308,3,3.22950819672131,3.13273400317292,3.19622606666499,3.03997606666499,3.2,31,"winter"
"1948","8887881",3.5,2.92307692307692,3.26666666666667,3.29945355191257,3.17042129384805,3.26565938908615,3.32815938908615,3.46666666666667,26,"fall"
"1974","8887881",3.5,2.92307692307692,3.26666666666667,3.29945355191257,3.17042129384805,3.26565938908615,3.32815938908615,3.46666666666667,33,"winter"
"2007","8843383",3.66666666666667,3.46153846153846,2.96666666666667,3.09781420765027,3.19458840119866,3.09935030596057,2.94310030596057,3.7,19,"fall"
"2026","8843383",3.66666666666667,3.46153846153846,2.96666666666667,3.09781420765027,3.19458840119866,3.09935030596057,2.94310030596057,3.7,26,"winter"
"2052","8841748",3.33333333333333,3.15384615384615,3.53333333333333,3.23825136612022,3.33502555966861,3.08105730570035,3.26855730570035,3.93333333333333,25,"fall"
"2077","8841748",3.33333333333333,3.15384615384615,3.53333333333333,3.23825136612022,3.33502555966861,3.08105730570035,3.26855730570035,3.93333333333333,42,"winter"
"2119","8794757",2.08333333333333,2.61538461538462,3.16666666666667,3.10109289617486,3.16560902520712,3.57830743790553,3.23455743790553,2.76666666666667,9,"fall"
"2128","8794757",2.08333333333333,2.61538461538462,3.16666666666667,3.10109289617486,3.16560902520712,3.57830743790553,3.23455743790553,2.76666666666667,7,"winter"
"2135","8750230",3.91666666666667,3.61538461538462,3.45,3.31885245901639,3.44788471708091,2.81296408216027,3.18796408216027,3.83333333333333,23,"fall"
"2158","8750230",3.91666666666667,3.61538461538462,3.45,3.31885245901639,3.44788471708091,2.81296408216027,3.18796408216027,3.83333333333333,36,"winter"
"2194","8747006",2.91666666666667,3.84615384615385,3.05,3.24672131147541,3.27897937599154,3.05675715376932,3.24425715376932,3.76666666666667,51,"fall"
"2245","8747006",2.91666666666667,3.84615384615385,3.05,3.24672131147541,3.27897937599154,3.05675715376932,3.24425715376932,3.76666666666667,64,"winter"
"2309","8741987",2.91666666666667,2.53846153846154,3.11666666666667,3.24781420765027,3.0542658205535,3.21299597928366,3.43174597928366,3.1,20,"fall"
"2329","8741987",2.91666666666667,2.53846153846154,3.11666666666667,3.24781420765027,3.0542658205535,3.21299597928366,3.43174597928366,3.1,13,"winter"
"2342","8737292",4.33333333333333,3.84615384615385,3.55,3.5827868852459,3.71181914331042,3.20388263537391,3.67263263537391,4.16666666666667,95,"fall"
"2437","8737292",4.33333333333333,3.84615384615385,3.55,3.5827868852459,3.71181914331042,3.20388263537391,3.67263263537391,4.16666666666667,97,"winter"
"2534","8712837",3.83333333333333,3.38461538461538,3.21666666666667,3.21666666666667,3.18440860215054,3.47012288786482,3.56387288786482,3.3,20,"fall"
"2554","8712837",3.83333333333333,3.38461538461538,3.21666666666667,3.21666666666667,3.18440860215054,3.47012288786482,3.56387288786482,3.3,24,"winter"
"2578","8708719",4.08333333333333,3.61538461538462,3.46666666666667,3.20437158469945,3.72050061695752,3.21256410902101,3.65006410902101,4.33333333333333,39,"fall"
"2617","8708719",4.08333333333333,3.61538461538462,3.46666666666667,3.20437158469945,3.72050061695752,3.21256410902101,3.65006410902101,4.33333333333333,88,"winter"
"2705","8663947",3.66666666666667,3.69230769230769,3.4,3.20327868852459,3.46134320465362,3.30261304592346,3.36511304592346,3.96666666666667,53,"fall"
"2758","8663947",3.66666666666667,3.69230769230769,3.4,3.20327868852459,3.46134320465362,3.30261304592346,3.36511304592346,3.96666666666667,62,"winter"
"2820","8662560",2.33333333333333,3,3.2,3.42950819672131,3.49402432575357,3.55751638924563,3.21376638924563,3.56666666666667,21,"fall"
"2841","8662560",2.33333333333333,3,3.2,3.42950819672131,3.49402432575357,3.55751638924563,3.21376638924563,3.56666666666667,21,"winter"
"2862","8645963",2.5,2.38461538461538,3.45,3.58114754098361,3.45211528291909,3.67433750514131,3.64308750514131,3.06666666666667,28,"fall"
"2890","8645963",2.5,2.38461538461538,3.45,3.58114754098361,3.45211528291909,3.67433750514131,3.64308750514131,3.06666666666667,27,"winter"
"2917","8493302",4,3.61538461538462,3.56666666666667,3.46830601092896,3.53282213996122,3.02488563202471,3.30613563202471,4.2,26,"fall"
"2943","8493302",4,3.61538461538462,3.56666666666667,3.46830601092896,3.53282213996122,3.02488563202471,3.30613563202471,4.2,53,"winter"
"2996","8455627",3.5,3.84615384615385,3.26666666666667,3.13551912568306,3.26455138374758,2.94709106628726,3.54084106628726,3.03333333333333,29,"fall"
"3025","8455627",3.5,3.84615384615385,3.26666666666667,3.13551912568306,3.26455138374758,2.94709106628726,3.54084106628726,3.03333333333333,27,"winter"
"3052","8444711",3.5,3.46153846153846,3.05,3.1483606557377,3.24513484928609,3.02291262706387,3.30416262706387,3.43333333333333,25,"fall"
"3077","8444711",3.5,3.46153846153846,3.05,3.1483606557377,3.24513484928609,3.02291262706387,3.30416262706387,3.43333333333333,29,"winter"
"3106","8408469",3.91666666666667,4,3.21666666666667,3.18387978142077,3.34517010400141,2.77374153257284,3.11749153257284,4.2,21,"fall"
"3127","8408469",3.91666666666667,4,3.21666666666667,3.18387978142077,3.34517010400141,2.77374153257284,3.11749153257284,4.2,30,"winter"
"3157","8407341",4.33333333333333,3.23076923076923,3.55,3.22213114754098,3.38342147012163,3.28818337488353,3.38193337488353,4.3,38,"fall"
"3195","8407341",4.33333333333333,3.23076923076923,3.55,3.22213114754098,3.38342147012163,3.28818337488353,3.38193337488353,4.3,37,"winter"
"3232","8376713",3.25,3.30769230769231,3.31666666666667,3.44781420765027,3.22200775603737,3.12676966079927,3.53301966079927,3.16666666666667,28,"fall"
"3260","8376713",3.25,3.30769230769231,3.31666666666667,3.44781420765027,3.22200775603737,3.12676966079927,3.53301966079927,3.16666666666667,36,"winter"
"3296","8375467",2.91666666666667,2.61538461538462,3.65,3.55163934426229,3.45486515071391,3.35962705547581,3.67212705547581,3.63333333333333,49,"fall"
"3345","8375467",2.91666666666667,2.61538461538462,3.65,3.55163934426229,3.45486515071391,3.35962705547581,3.67212705547581,3.63333333333333,54,"winter"
"3399","8372610",3.91666666666667,3.76923076923077,3.03333333333333,3.32841530054645,3.36067336506258,3.07495907934829,3.38745907934829,3.86666666666667,27,"fall"
"3426","8372610",3.91666666666667,3.76923076923077,3.03333333333333,3.32841530054645,3.36067336506258,3.07495907934829,3.38745907934829,3.86666666666667,40,"winter"
"3466","8276906",4.41666666666667,3.23076923076923,3.73333333333333,3.53661202185792,3.79467653798696,3.57245431576473,3.72870431576473,4.66666666666667,1,"fall"
"3467","8276906",4.41666666666667,3.23076923076923,3.73333333333333,3.53661202185792,3.79467653798696,3.57245431576473,3.72870431576473,4.66666666666667,46,"winter"
"3513","8251996",3.25,3.38461538461538,3.38333333333333,3.41612021857923,3.31934602503085,3.31934602503085,3.56934602503085,3.76666666666667,59,"fall"
"3572","8251996",3.25,3.38461538461538,3.38333333333333,3.41612021857923,3.31934602503085,3.31934602503085,3.56934602503085,3.76666666666667,62,"winter"
"3634","8201679",3.5,2.69230769230769,3.11666666666667,3.44453551912568,3.18647100299665,2.74202655855221,3.21077655855221,2.93333333333333,14,"fall"
"3648","8201679",3.5,2.69230769230769,3.11666666666667,3.44453551912568,3.18647100299665,2.74202655855221,3.21077655855221,2.93333333333333,3,"winter"
"3651","8132502",3.25,3.53846153846154,3.31666666666667,3.25109289617486,3.21883483165873,3.44105705388096,3.47230705388096,3.7,0,"fall"
"3652","8132502",3.25,3.53846153846154,3.31666666666667,3.25109289617486,3.21883483165873,3.44105705388096,3.47230705388096,3.7,5,"winter"
"3657","8119386",3.16666666666667,2.69230769230769,3.21666666666667,3.18387978142077,2.99033139432399,2.95858536257796,3.27108536257796,3.36666666666667,49,"fall"
"3706","8119386",3.16666666666667,2.69230769230769,3.21666666666667,3.18387978142077,2.99033139432399,2.95858536257796,3.27108536257796,3.36666666666667,55,"winter"
"3761","8081236",4.83333333333333,4.38461538461539,3.5,3.4672131147541,3.49947117927023,2.83280451260356,3.23905451260356,4.16666666666667,6,"fall"
"3767","8081236",4.83333333333333,4.38461538461539,3.5,3.4672131147541,3.49947117927023,2.83280451260356,3.23905451260356,4.16666666666667,11,"winter"
"3778","8068657",3,2.76923076923077,3.3,3.2344262295082,3.39571655208884,3.42746258383487,3.55246258383487,3.46666666666667,7,"fall"
"3785","8068657",3,2.76923076923077,3.3,3.2344262295082,3.39571655208884,3.42746258383487,3.55246258383487,3.46666666666667,33,"winter"
"3818","8066597",4.25,4,3.65,3.42049180327869,3.64629825489159,3.23359984219318,3.35859984219318,4,56,"fall"
"3874","8066597",4.25,4,3.65,3.42049180327869,3.64629825489159,3.23359984219318,3.35859984219318,4,51,"winter"
"3925","8048076",2.83333333333333,3.30769230769231,3.06666666666667,3.06666666666667,3.13118279569892,3.0041986687148,3.0666986687148,3.56666666666667,38,"fall"
"3963","8048076",2.83333333333333,3.30769230769231,3.06666666666667,3.06666666666667,3.13118279569892,3.0041986687148,3.0666986687148,3.56666666666667,41,"winter"
"4004","7995717",3.33333333333333,3.84615384615385,3.35,3.3172131147541,3.47850343733474,3.19278915162046,3.31778915162046,3.66666666666667,12,"fall"
"4016","7995717",3.33333333333333,3.84615384615385,3.35,3.3172131147541,3.47850343733474,3.19278915162046,3.31778915162046,3.66666666666667,41,"winter"
"4057","7977801",3.41666666666667,4.07692307692308,3.05,3.1483606557377,3.01932839767319,2.79710617545097,3.04710617545097,3.8,48,"fall"
"4105","7977801",3.41666666666667,4.07692307692308,3.05,3.1483606557377,3.01932839767319,2.79710617545097,3.04710617545097,3.8,54,"winter"
"4159","7891486",4,3.69230769230769,3.13333333333333,3.06775956284153,3.16453375638992,2.97405756591373,3.28655756591373,3.93333333333333,11,"fall"
"4170","7891486",4,3.69230769230769,3.13333333333333,3.06775956284153,3.16453375638992,2.97405756591373,3.28655756591373,3.93333333333333,29,"winter"
"4199","7791280",3.33333333333333,2.30769230769231,3.46666666666667,3.49945355191257,3.33816322933192,3.75086164203034,3.56336164203034,3.4,21,"fall"
"4220","7791280",3.33333333333333,2.30769230769231,3.46666666666667,3.49945355191257,3.33816322933192,3.75086164203034,3.56336164203034,3.4,33,"winter"
"4253","7784811",3.91666666666667,3.84615384615385,3.68333333333333,3.42103825136612,3.55007050943064,3.29610225546238,3.76485225546238,4.06666666666667,0,"fall"
"4254","7784811",3.91666666666667,3.84615384615385,3.68333333333333,3.42103825136612,3.55007050943064,3.29610225546238,3.76485225546238,4.06666666666667,25,"winter"
"4279","7752402",3.58333333333333,4,2.85,3.04672131147541,3.17575356953993,3.17575356953993,3.05075356953993,3.73333333333333,61,"fall"
"4340","7752402",3.58333333333333,4,2.85,3.04672131147541,3.17575356953993,3.17575356953993,3.05075356953993,3.73333333333333,61,"winter"
"4401","7749203",3.5,2.46153846153846,3.3,3.16885245901639,3.29788471708091,3.32963074882694,3.23588074882694,3.93333333333333,14,"fall"
"4415","7749203",3.5,2.46153846153846,3.3,3.16885245901639,3.29788471708091,3.32963074882694,3.23588074882694,3.93333333333333,58,"winter"
"4473","7739613",3,3,3,3,3,3,3,3,3,"fall"
"4476","7739613",3,3,3,3,3,3,3,3,7,"winter"
"4483","7700527",4.08333333333333,4.61538461538461,3.1,3.1,3.51935483870968,3.23364055299539,3.17114055299539,3.33333333333333,18,"fall"
"4501","7700527",4.08333333333333,4.61538461538461,3.1,3.1,3.51935483870968,3.23364055299539,3.17114055299539,3.33333333333333,16,"winter"
"4517","7515773",2.83333333333333,3.46153846153846,3.21666666666667,3.70846994535519,3.51492155825842,3.07047711381397,3.50797711381397,4,52,"fall"
"4569","7515773",2.83333333333333,3.46153846153846,3.21666666666667,3.70846994535519,3.51492155825842,3.07047711381397,3.50797711381397,4,41,"winter"
"4610","7514395",3.58333333333333,3.69230769230769,3.65,3.45327868852459,3.45327868852459,3.32629456154046,3.76379456154046,3.7,24,"fall"
"4634","7514395",3.58333333333333,3.69230769230769,3.65,3.45327868852459,3.45327868852459,3.32629456154046,3.76379456154046,3.7,21,"winter"
"4655","7502556",3.75,4.15384615384615,2.98333333333333,3.31120218579235,3.31120218579235,2.80326567785584,3.24076567785584,3.76666666666667,21,"fall"
"4676","7502556",3.75,4.15384615384615,2.98333333333333,3.31120218579235,3.31120218579235,2.80326567785584,3.24076567785584,3.76666666666667,21,"winter"
"4697","7479255",3.75,3.92307692307692,3.33333333333333,3.00546448087432,3.39256125506787,2.88462474713136,3.19712474713136,4.43333333333333,26,"fall"
"4723","7479255",3.75,3.92307692307692,3.33333333333333,3.00546448087432,3.39256125506787,2.88462474713136,3.19712474713136,4.43333333333333,46,"winter"
"4769","7455922",3.66666666666667,2.92307692307692,3.21666666666667,3.51174863387978,3.28594218226688,3.25419615052085,3.16044615052085,3.76666666666667,40,"fall"
"4809","7455922",3.66666666666667,2.92307692307692,3.21666666666667,3.51174863387978,3.28594218226688,3.25419615052085,3.16044615052085,3.76666666666667,52,"winter"
"4861","7448820",3.75,3.46153846153846,3.65,3.42049180327869,3.42049180327869,3.29350767629456,3.38725767629456,3.63333333333333,12,"fall"
"4873","7448820",3.75,3.46153846153846,3.65,3.42049180327869,3.42049180327869,3.29350767629456,3.38725767629456,3.63333333333333,31,"winter"
"4904","7406147",3.83333333333333,4.23076923076923,3.33333333333333,3.43169398907104,3.20588753745814,2.72969706126766,3.32344706126766,4.06666666666667,5,"fall"
"4909","7406147",3.83333333333333,4.23076923076923,3.33333333333333,3.43169398907104,3.20588753745814,2.72969706126766,3.32344706126766,4.06666666666667,8,"winter"
"4917","7378094",3.33333333333333,3.15384615384615,3.1,3.26393442622951,3.19941829719725,3.00894210672106,3.07144210672106,3.76666666666667,19,"fall"
"4936","7378094",3.33333333333333,3.15384615384615,3.1,3.26393442622951,3.19941829719725,3.00894210672106,3.07144210672106,3.76666666666667,31,"winter"
"4967","7348242",2.33333333333333,2.46153846153846,3.56666666666667,3.23879781420765,3.43234620130442,3.59107636003458,3.68482636003458,3.1,31,"fall"
"4998","7348242",2.33333333333333,2.46153846153846,3.56666666666667,3.23879781420765,3.43234620130442,3.59107636003458,3.68482636003458,3.1,36,"winter"
"5034","7339014",3.58333333333333,3.84615384615385,3.18333333333333,3.38005464480874,3.31553851577649,2.9345861348241,3.1845861348241,3.46666666666667,13,"fall"
"5047","7339014",3.58333333333333,3.84615384615385,3.18333333333333,3.38005464480874,3.31553851577649,2.9345861348241,3.1845861348241,3.46666666666667,33,"winter"
"5080","7329754",3,3.69230769230769,3.26666666666667,3.36502732240437,3.23599506433986,2.82329665164144,3.29204665164144,4.1,34,"fall"
"5114","7329754",3,3.69230769230769,3.26666666666667,3.36502732240437,3.23599506433986,2.82329665164144,3.29204665164144,4.1,40,"winter"
"5154","7315112",3.16666666666667,3,3.41666666666667,3.31830601092896,3.35056407544509,3.19183391671493,3.37933391671493,3.06666666666667,12,"fall"
"5166","7315112",3.16666666666667,3,3.41666666666667,3.31830601092896,3.35056407544509,3.19183391671493,3.37933391671493,3.06666666666667,47,"winter"
"5213","7223859",3.41666666666667,3,3.16666666666667,3.56010928961749,3.56010928961749,3.2743950039032,3.0868950039032,3.66666666666667,6,"fall"
"5219","7223859",3.41666666666667,3,3.16666666666667,3.56010928961749,3.56010928961749,3.2743950039032,3.0868950039032,3.66666666666667,42,"winter"
"5261","7099868",3.75,3.38461538461538,3.23333333333333,3.39726775956284,3.2359774369822,3.2359774369822,3.2672274369822,3.23333333333333,16,"fall"
"5277","7099868",3.75,3.38461538461538,3.23333333333333,3.39726775956284,3.2359774369822,3.2359774369822,3.2672274369822,3.23333333333333,30,"winter"
"5307","7067481",3.66666666666667,3.23076923076923,3.26666666666667,3.20109289617486,3.16883483165873,2.97835864118254,3.29085864118254,3.53333333333333,48,"fall"
"5355","7067481",3.66666666666667,3.23076923076923,3.26666666666667,3.20109289617486,3.16883483165873,2.97835864118254,3.29085864118254,3.53333333333333,64,"winter"
"5419","7024710",2.66666666666667,3.30769230769231,3.51666666666667,3.51666666666667,3.41989247311828,3.41989247311828,3.48239247311828,3.8,4,"fall"
"5423","7024710",2.66666666666667,3.30769230769231,3.51666666666667,3.51666666666667,3.41989247311828,3.41989247311828,3.48239247311828,3.8,68,"winter"
"5491","7018231",4,4.76923076923077,3.61666666666667,3.41994535519126,3.87155825841706,3.36362175048056,3.64487175048056,4.56666666666667,38,"fall"
"5529","7018231",4,4.76923076923077,3.61666666666667,3.41994535519126,3.87155825841706,3.36362175048056,3.64487175048056,4.56666666666667,43,"winter"
"5572","6976755",3.58333333333333,3.38461538461538,2.91666666666667,3.31010928961749,3.11656090252071,3.02132280728262,3.27132280728262,3.06666666666667,22,"fall"
"5594","6976755",3.58333333333333,3.38461538461538,2.91666666666667,3.31010928961749,3.11656090252071,3.02132280728262,3.27132280728262,3.06666666666667,39,"winter"
"5633","6974062",2.5,2.84615384615385,3.05,2.9516393442623,3.01615547329455,2.85742531456439,3.20117531456439,2.7,8,"fall"
"5641","6974062",2.5,2.84615384615385,3.05,2.9516393442623,3.01615547329455,2.85742531456439,3.20117531456439,2.7,20,"winter"
"5661","6966788",3.66666666666667,3.07692307692308,3.66666666666667,3.27322404371585,3.20870791468359,3.27219997817565,3.45969997817565,4.36666666666667,2,"fall"
"5663","6966788",3.66666666666667,3.07692307692308,3.66666666666667,3.27322404371585,3.20870791468359,3.27219997817565,3.45969997817565,4.36666666666667,21,"winter"
"5684","6932549",2.75,2.69230769230769,3.36666666666667,3.36666666666667,3.30215053763441,3.36564260112647,3.30314260112647,3.06666666666667,46,"fall"
"5730","6932549",2.75,2.69230769230769,3.36666666666667,3.36666666666667,3.30215053763441,3.36564260112647,3.30314260112647,3.06666666666667,30,"winter"
"5760","6777207",3.83333333333333,3.53846153846154,2.86666666666667,3.22732240437158,3.22732240437158,2.90986208691127,3.12861208691127,3.6,29,"winter"
"5789","6777207",3.83333333333333,3.53846153846154,2.86666666666667,3.22732240437158,3.22732240437158,2.90986208691127,3.12861208691127,3.6,1,"fall"
"5790","6710326",2.5,2.23076923076923,3.55,3.35327868852459,3.15973030142782,3.50893665063417,3.44643665063417,2.76666666666667,1,"fall"
"5791","6710326",2.5,2.23076923076923,3.55,3.35327868852459,3.15973030142782,3.50893665063417,3.44643665063417,2.76666666666667,27,"winter"
"5818","6692547",3,3.30769230769231,3.08333333333333,2.95218579234973,3.1457341794465,3.01875005246237,3.20625005246237,3.03333333333333,10,"fall"
"5828","6692547",3,3.30769230769231,3.08333333333333,2.95218579234973,3.1457341794465,3.01875005246237,3.20625005246237,3.03333333333333,34,"winter"
"5862","6654060",3.5,2.84615384615385,3.1,3.29672131147541,3.10317292437864,3.32539514660086,3.35664514660086,3.83333333333333,38,"fall"
"5900","6654060",3.5,2.84615384615385,3.1,3.29672131147541,3.10317292437864,3.32539514660086,3.35664514660086,3.83333333333333,27,"winter"
"5927","6637482",2.75,3,3.5,3.17213114754098,3.43019566367002,3.39844963192398,3.39844963192398,3.63333333333333,56,"fall"
"5983","6637482",2.75,3,3.5,3.17213114754098,3.43019566367002,3.39844963192398,3.39844963192398,3.63333333333333,81,"winter"
"6064","6572616",3.83333333333333,3.23076923076923,3.21666666666667,3.51174863387978,3.12465185968623,3.15639789143226,3.46889789143226,3.76666666666667,0,"fall"
"6065","6572616",3.83333333333333,3.23076923076923,3.21666666666667,3.51174863387978,3.12465185968623,3.15639789143226,3.46889789143226,3.76666666666667,42,"winter"
"6107","6553467",3.58333333333333,2.92307692307692,3.63333333333333,3.50218579234973,3.59895998589811,3.50372189066002,3.62872189066002,3.86666666666667,23,"fall"
"6130","6553467",3.58333333333333,2.92307692307692,3.63333333333333,3.50218579234973,3.59895998589811,3.50372189066002,3.62872189066002,3.86666666666667,35,"winter"
"6165","6547825",2.66666666666667,2.69230769230769,3.51666666666667,3.35273224043716,3.32047417592103,3.79666465211151,3.64041465211151,3.13333333333333,3,"fall"
"6168","6547825",2.66666666666667,2.69230769230769,3.51666666666667,3.35273224043716,3.32047417592103,3.79666465211151,3.64041465211151,3.13333333333333,33,"winter"
"6201","6541162",3.41666666666667,3.15384615384615,3.4,3.26885245901639,3.55917503966155,3.27346075394727,3.24221075394727,3.66666666666667,30,"fall"
"6231","6541162",3.41666666666667,3.15384615384615,3.4,3.26885245901639,3.55917503966155,3.27346075394727,3.24221075394727,3.66666666666667,55,"winter"
"6286","6450853",2.75,3,3.31666666666667,3.21830601092896,3.34733826899348,3.18860811026332,3.34485811026332,3.5,0,"fall"
"6287","6450853",2.75,3,3.31666666666667,3.21830601092896,3.34733826899348,3.18860811026332,3.34485811026332,3.5,23,"winter"
"6310","6380433",3.25,4,2.95,3.08114754098361,3.14566367001586,2.89169541604761,3.04794541604761,4.13333333333333,13,"fall"
"6323","6380433",3.25,4,2.95,3.08114754098361,3.14566367001586,2.89169541604761,3.04794541604761,4.13333333333333,19,"winter"
"6342","6337815",3.25,3.23076923076923,3.08333333333333,3.05054644808743,3.27635289970033,3.27635289970033,3.02635289970033,3.6,8,"fall"
"6350","6337815",3.25,3.23076923076923,3.08333333333333,3.05054644808743,3.27635289970033,3.27635289970033,3.02635289970033,3.6,31,"winter"
"6381","6311035",4.25,3.38461538461538,2.91666666666667,3.24453551912568,2.88969680944826,3.17541109516255,2.95666109516255,3.43333333333333,44,"fall"
"6425","6311035",4.25,3.38461538461538,2.91666666666667,3.24453551912568,2.88969680944826,3.17541109516255,2.95666109516255,3.43333333333333,54,"winter"
"6479","6303134",3.08333333333333,3.38461538461538,3.18333333333333,3.24890710382514,3.18439097479288,3.47010526050716,3.18885526050716,3.1,1,"fall"
"6480","6303134",3.08333333333333,3.38461538461538,3.18333333333333,3.24890710382514,3.18439097479288,3.47010526050716,3.18885526050716,3.1,38,"winter"
"6518","6295940",3.33333333333333,3.38461538461538,3.4,3.66229508196721,3.43648863035431,3.21426640813209,3.58926640813209,3.93333333333333,32,"fall"
"6550","6295940",3.33333333333333,3.38461538461538,3.4,3.66229508196721,3.43648863035431,3.21426640813209,3.58926640813209,3.93333333333333,45,"winter"
"6595","6213753",4.66666666666667,5,3.31666666666667,3.38224043715847,3.38224043715847,2.74731980223783,2.90356980223783,4.53333333333333,8,"fall"
"6603","6213753",4.66666666666667,5,3.31666666666667,3.38224043715847,3.38224043715847,2.74731980223783,2.90356980223783,4.53333333333333,28,"winter"
"6631","6195947",3.75,3.92307692307692,3.3,3.2344262295082,3.20216816499207,2.66248562530953,3.19373562530953,3.9,25,"fall"
"6656","6195947",3.75,3.92307692307692,3.3,3.2344262295082,3.20216816499207,2.66248562530953,3.19373562530953,3.9,40,"winter"
"6696","6142591",3.5,3.30769230769231,3.4,3.4327868852459,3.40052882072977,3.14656056676152,3.39656056676152,3.63333333333333,6,"fall"
"6702","6142591",3.5,3.30769230769231,3.4,3.4327868852459,3.40052882072977,3.14656056676152,3.39656056676152,3.63333333333333,16,"winter"
"6718","6099184",3.91666666666667,4.61538461538461,3.26666666666667,3.52896174863388,3.62573594218227,3.11779943424576,3.46154943424576,4.46666666666667,0,"fall"
"6719","6099184",3.91666666666667,4.61538461538461,3.26666666666667,3.52896174863388,3.62573594218227,3.11779943424576,3.46154943424576,4.46666666666667,83,"winter"
"6802","6099044",3.41666666666667,2.53846153846154,3.7,3.56885245901639,3.40756213643575,3.53454626341988,3.56579626341988,3.9,6,"fall"
"6808","6099044",3.41666666666667,2.53846153846154,3.7,3.56885245901639,3.40756213643575,3.53454626341988,3.56579626341988,3.9,8,"winter"
"6816","6085906",1.75,2.38461538461538,2.81666666666667,3.14453551912568,2.88647100299665,3.1404392569649,3.3279392569649,2.53333333333333,22,"fall"
"6838","6085906",1.75,2.38461538461538,2.81666666666667,3.14453551912568,2.88647100299665,3.1404392569649,3.3279392569649,2.53333333333333,20,"winter"
"6858","6077204",4.16666666666667,4,3.36666666666667,3.23551912568306,3.30003525471532,2.88733684201691,3.26233684201691,4.3,13,"fall"
"6871","6077204",4.16666666666667,4,3.36666666666667,3.23551912568306,3.30003525471532,2.88733684201691,3.26233684201691,4.3,47,"winter"
"6918","6036921",3.66666666666667,2.76923076923077,3.2,3.2655737704918,3.33008989952406,3.10786767730184,3.32661767730184,3.66666666666667,32,"fall"
"6950","6036921",3.66666666666667,2.76923076923077,3.2,3.2655737704918,3.33008989952406,3.10786767730184,3.32661767730184,3.66666666666667,56,"winter"
"7006","6024583",3.75,3.46153846153846,3.48333333333333,3.31939890710383,3.38391503613608,3.0982007504218,3.2857007504218,3.43333333333333,39,"fall"
"7045","6024583",3.75,3.46153846153846,3.48333333333333,3.31939890710383,3.38391503613608,3.0982007504218,3.2857007504218,3.43333333333333,42,"winter"
"7087","5991265",3.83333333333333,3.46153846153846,3.55,3.68114754098361,3.55211528291909,3.13941687022068,3.70191687022068,4.3,14,"fall"
"7101","5991265",3.83333333333333,3.46153846153846,3.55,3.68114754098361,3.55211528291909,3.13941687022068,3.70191687022068,4.3,39,"winter"
"7140","5982724",3.08333333333333,3.38461538461538,3.25,3.34836065573771,3.28384452670545,3.22035246321338,3.40785246321338,3.93333333333333,44,"fall"
"7184","5982724",3.08333333333333,3.38461538461538,3.25,3.34836065573771,3.28384452670545,3.22035246321338,3.40785246321338,3.93333333333333,30,"winter"
"7214","5945214",3.91666666666667,4.23076923076923,3.58333333333333,3.38661202185792,3.64467653798696,3.26372415703457,3.48247415703457,4.2,28,"fall"
"7242","5945214",3.91666666666667,4.23076923076923,3.58333333333333,3.38661202185792,3.64467653798696,3.26372415703457,3.48247415703457,4.2,22,"winter"
"7264","5936908",1.83333333333333,1.53846153846154,3.35,3.48114754098361,2.99727657324167,3.40997498594008,3.34747498594008,2.26666666666667,18,"fall"
"7282","5936908",1.83333333333333,1.53846153846154,3.35,3.48114754098361,2.99727657324167,3.40997498594008,3.34747498594008,2.26666666666667,29,"winter"
"7311","5898398",4,4.53846153846154,3.48333333333333,3.25382513661202,3.4473735237088,2.84419892053419,3.37544892053419,4.33333333333333,14,"fall"
"7325","5898398",4,4.53846153846154,3.48333333333333,3.25382513661202,3.4473735237088,2.84419892053419,3.37544892053419,4.33333333333333,18,"winter"
"7343","5872083",3,3.38461538461538,3.11666666666667,3.44453551912568,3.02518068041601,2.99343464866997,3.24343464866997,3.53333333333333,32,"fall"
"7375","5872083",3,3.38461538461538,3.11666666666667,3.44453551912568,3.02518068041601,2.99343464866997,3.24343464866997,3.53333333333333,27,"winter"
"7402","5865439",2.5,2.46153846153846,3.26666666666667,3.20109289617486,3.07206063811035,2.84983841588812,3.44358841588812,2.56666666666667,16,"fall"
"7418","5865439",2.5,2.46153846153846,3.26666666666667,3.20109289617486,3.07206063811035,2.84983841588812,3.44358841588812,2.56666666666667,37,"winter"
"7455","5830426",3.16666666666667,3,3.08333333333333,3.11612021857924,3.11612021857924,3.0843741868332,3.0218741868332,3.23333333333333,1,"fall"
"7456","5830426",3.16666666666667,3,3.08333333333333,3.11612021857924,3.11612021857924,3.0843741868332,3.0218741868332,3.23333333333333,30,"winter"
"7486","5817608",3.75,3.38461538461538,3.6,3.40327868852459,3.43553675304072,3.49902881653278,3.56152881653278,4,44,"fall"
"7530","5817608",3.75,3.38461538461538,3.6,3.40327868852459,3.43553675304072,3.49902881653278,3.56152881653278,4,45,"winter"
"7575","5757111",4.08333333333333,3.69230769230769,3.85,3.55491803278689,3.65169222633527,3.33423190887495,3.64673190887495,4.23333333333333,9,"fall"
"7584","5757111",4.08333333333333,3.69230769230769,3.85,3.55491803278689,3.65169222633527,3.33423190887495,3.64673190887495,4.23333333333333,26,"winter"
"7610","5734690",3.66666666666667,3.69230769230769,3.23333333333333,3.29890710382514,3.33116516834127,3.04545088262698,3.26420088262698,3.5,18,"fall"
"7628","5734690",3.66666666666667,3.69230769230769,3.23333333333333,3.29890710382514,3.33116516834127,3.04545088262698,3.26420088262698,3.5,37,"winter"
"7665","5713639",3.66666666666667,2.46153846153846,3.68333333333333,3.68333333333333,3.58655913978495,3.39608294930876,3.80233294930876,3.26666666666667,40,"fall"
"7705","5713639",3.66666666666667,2.46153846153846,3.68333333333333,3.68333333333333,3.58655913978495,3.39608294930876,3.80233294930876,3.26666666666667,51,"winter"
"7756","5705288",3.58333333333333,3.23076923076923,3.11666666666667,3.34617486338798,3.57198131500088,3.57198131500088,3.29073131500088,4.06666666666667,45,"fall"
"7801","5705288",3.58333333333333,3.23076923076923,3.11666666666667,3.34617486338798,3.57198131500088,3.57198131500088,3.29073131500088,4.06666666666667,57,"winter"
"7858","5685891",3.16666666666667,3.07692307692308,3.18333333333333,3.31448087431694,3.24996474528468,3.09123458655452,3.40373458655452,3.4,13,"fall"
"7871","5685891",3.16666666666667,3.07692307692308,3.18333333333333,3.31448087431694,3.24996474528468,3.09123458655452,3.40373458655452,3.4,18,"winter"
"7889","5631135",4.33333333333333,3.84615384615385,3.2,3.39672131147541,3.33220518244315,3.01474486498283,3.45224486498283,3.93333333333333,28,"fall"
"7917","5631135",4.33333333333333,3.84615384615385,3.2,3.39672131147541,3.33220518244315,3.01474486498283,3.45224486498283,3.93333333333333,25,"winter"
"7942","5565174",2.66666666666667,2.84615384615385,3.36666666666667,3.39945355191257,3.20590516481579,2.95193691084754,3.29568691084754,3.66666666666667,45,"fall"
"7987","5565174",2.66666666666667,2.84615384615385,3.36666666666667,3.39945355191257,3.20590516481579,2.95193691084754,3.29568691084754,3.66666666666667,77,"winter"
"8064","5463339",3.91666666666667,4.30769230769231,3.75,3.48770491803279,3.74576943416182,3.17434086273325,3.67434086273325,4.26666666666667,28,"fall"
"8092","5463339",3.91666666666667,4.30769230769231,3.75,3.48770491803279,3.74576943416182,3.17434086273325,3.67434086273325,4.26666666666667,37,"winter"
"8129","5457976",2.58333333333333,2.46153846153846,3.46666666666667,3.26994535519126,3.39897761325577,3.46246967674784,3.43121967674784,2.73333333333333,0,"fall"
"8130","5457976",2.58333333333333,2.46153846153846,3.46666666666667,3.26994535519126,3.39897761325577,3.46246967674784,3.43121967674784,2.73333333333333,17,"winter"
"8147","5346310",2.66666666666667,2.76923076923077,3.36666666666667,3.20273224043716,3.26724836946942,2.91804202026307,3.51179202026307,3.93333333333333,8,"fall"
"8155","5346310",2.66666666666667,2.76923076923077,3.36666666666667,3.20273224043716,3.26724836946942,2.91804202026307,3.51179202026307,3.93333333333333,21,"winter"
"8176","5343721",3.08333333333333,2.61538461538462,3.5,3.27049180327869,3.36726599682708,3.24028186984295,3.39653186984295,3.43333333333333,28,"fall"
"8204","5343721",3.08333333333333,2.61538461538462,3.5,3.27049180327869,3.36726599682708,3.24028186984295,3.39653186984295,3.43333333333333,46,"winter"
"8250","5282577",4.25,3.53846153846154,3.08333333333333,3.21448087431694,3.2789970033492,2.86629859065079,3.05379859065079,3.96666666666667,9,"fall"
"8259","5282577",4.25,3.53846153846154,3.08333333333333,3.21448087431694,3.2789970033492,2.86629859065079,3.05379859065079,3.96666666666667,13,"winter"
"8272","5274406",3.16666666666667,3.46153846153846,3.36666666666667,3.43224043715847,3.4644985016746,3.21053024770635,3.58553024770635,3.76666666666667,9,"fall"
"8281","5274406",3.16666666666667,3.46153846153846,3.36666666666667,3.43224043715847,3.4644985016746,3.21053024770635,3.58553024770635,3.76666666666667,26,"winter"
"8307","5259185",3.83333333333333,3.23076923076923,3.23333333333333,3.26612021857924,3.26612021857924,2.88516783762685,3.44766783762685,3.86666666666667,12,"fall"
"8319","5259185",3.83333333333333,3.23076923076923,3.23333333333333,3.26612021857924,3.26612021857924,2.88516783762685,3.44766783762685,3.86666666666667,30,"winter"
"8349","5154721",3.16666666666667,3.30769230769231,3.56666666666667,3.43551912568306,3.66132557729596,3.66132557729596,3.31757557729596,3.9,29,"fall"
"8378","5154721",3.16666666666667,3.30769230769231,3.56666666666667,3.43551912568306,3.66132557729596,3.66132557729596,3.31757557729596,3.9,27,"winter"
"8405","5004738",2.5,2.07692307692308,3.3,3.16885245901639,3.13659439450026,3.29532455323042,3.29532455323042,3.6,8,"fall"
"8413","5004738",2.5,2.07692307692308,3.3,3.16885245901639,3.13659439450026,3.29532455323042,3.29532455323042,3.6,21,"winter"
"8434","4972257",3.25,2.92307692307692,3.2,3.2327868852459,3.26504494976203,3.233298918016,3.358298918016,3.73333333333333,41,"fall"
"8475","4972257",3.25,2.92307692307692,3.2,3.2327868852459,3.26504494976203,3.233298918016,3.358298918016,3.73333333333333,61,"winter"
"8536","4950278",3.75,3.92307692307692,3.48333333333333,3.41775956284153,3.48227569187379,3.22830743790553,3.41580743790553,3.7,36,"fall"
"8572","4950278",3.75,3.92307692307692,3.48333333333333,3.41775956284153,3.48227569187379,3.22830743790553,3.41580743790553,3.7,32,"winter"
"8604","4947494",3.83333333333333,3.07692307692308,3.18333333333333,3.24890710382514,3.31342323285739,3.09120101063517,3.27870101063517,4,0,"fall"
"8605","4947494",3.83333333333333,3.07692307692308,3.18333333333333,3.24890710382514,3.31342323285739,3.09120101063517,3.27870101063517,4,35,"winter"
"8640","4894535",4.41666666666667,2.76923076923077,3.55,3.5827868852459,3.5827868852459,3.55104085349987,3.23854085349987,4,11,"fall"
"8651","4894535",4.41666666666667,2.76923076923077,3.55,3.5827868852459,3.5827868852459,3.55104085349987,3.23854085349987,4,29,"winter"
"8680","4880600",3.58333333333333,3.69230769230769,3.2,3.2,3.23225806451613,2.78781362007168,3.22531362007168,4.43333333333333,56,"fall"
"8736","4880600",3.58333333333333,3.69230769230769,3.2,3.2,3.23225806451613,2.78781362007168,3.22531362007168,4.43333333333333,55,"winter"
"8791","4847444",3.5,3.46153846153846,3.28333333333333,3.25054644808743,3.47635289970034,3.22238464573208,3.47238464573208,3.83333333333333,20,"fall"
"8811","4847444",3.5,3.46153846153846,3.28333333333333,3.25054644808743,3.47635289970034,3.22238464573208,3.47238464573208,3.83333333333333,38,"winter"
"8849","4813711",3.41666666666667,3,3.33333333333333,3.30054644808743,3.30054644808743,3.2688004163414,3.1125504163414,3.13333333333333,17,"fall"
"8866","4813711",3.41666666666667,3,3.33333333333333,3.30054644808743,3.30054644808743,3.2688004163414,3.1125504163414,3.13333333333333,34,"winter"
"8900","4802964",3,3,3.2,3.1672131147541,3.23172924378636,3.0729990850562,3.1354990850562,3,15,"fall"
"8915","4802964",3,3,3.2,3.1672131147541,3.23172924378636,3.0729990850562,3.1354990850562,3,34,"winter"
"8949","4755059",4.16666666666667,3.61538461538462,3.73333333333333,3.50382513661202,3.63285739467654,3.37888914070828,3.41013914070828,3.96666666666667,7,"fall"
"8956","4755059",4.16666666666667,3.61538461538462,3.73333333333333,3.50382513661202,3.63285739467654,3.37888914070828,3.41013914070828,3.96666666666667,4,"winter"
"8960","4712015",3.41666666666667,4.38461538461539,3.1,3.1655737704918,3.29460602855632,3.00889174284203,3.41514174284203,3.86666666666667,25,"fall"
"8985","4712015",3.41666666666667,4.38461538461539,3.1,3.1655737704918,3.29460602855632,3.00889174284203,3.41514174284203,3.86666666666667,27,"winter"
"9012","4696349",3.5,3.07692307692308,3.61666666666667,3.58387978142077,3.61613784593689,3.45740768720674,3.70740768720674,3.9,12,"fall"
"9024","4696349",3.5,3.07692307692308,3.61666666666667,3.58387978142077,3.61613784593689,3.45740768720674,3.70740768720674,3.9,23,"winter"
"9047","4689059",4,2.84615384615385,3.63333333333333,3.43661202185792,3.27532169927728,3.30706773102331,3.40081773102331,3.4,27,"fall"
"9074","4689059",4,2.84615384615385,3.63333333333333,3.43661202185792,3.27532169927728,3.30706773102331,3.40081773102331,3.4,65,"winter"
"9139","4663458",3,4.15384615384615,3.56666666666667,3.40273224043716,3.5640225630178,3.78624478524003,3.78624478524003,3.8,2,"fall"
"9141","4663458",3,4.15384615384615,3.56666666666667,3.40273224043716,3.5640225630178,3.78624478524003,3.78624478524003,3.8,7,"winter"
"9148","4650675",2.91666666666667,3.07692307692308,3.06666666666667,3.16502732240437,3.39083377401727,2.88289726608077,3.32039726608077,3.33333333333333,16,"fall"
"9164","4650675",2.91666666666667,3.07692307692308,3.06666666666667,3.16502732240437,3.39083377401727,2.88289726608077,3.32039726608077,3.33333333333333,31,"winter"
"9195","4631231",3.33333333333333,2.61538461538462,3.55,3.28770491803279,3.51351136964569,3.29128914742347,3.47878914742347,3.86666666666667,13,"fall"
"9208","4631231",3.33333333333333,2.61538461538462,3.55,3.28770491803279,3.51351136964569,3.29128914742347,3.47878914742347,3.86666666666667,22,"winter"
"9230","4599990",3.08333333333333,2.76923076923077,3.23333333333333,3.33169398907104,3.23491979552265,3.29841185901471,3.32966185901471,3.66666666666667,21,"fall"
"9251","4599990",3.08333333333333,2.76923076923077,3.23333333333333,3.33169398907104,3.23491979552265,3.29841185901471,3.32966185901471,3.66666666666667,39,"winter"
"9290","4595242",3,3.84615384615385,3.61666666666667,3.78060109289618,3.65156883483166,3.33410851737134,3.45910851737134,4,0,"fall"
"9291","4595242",3,3.84615384615385,3.61666666666667,3.78060109289618,3.65156883483166,3.33410851737134,3.45910851737134,4,53,"winter"
"9344","4589015",4.16666666666667,3.61538461538462,3.56666666666667,3.30437158469945,3.72372642340913,3.53325023293294,3.59575023293294,4.1,3,"fall"
"9347","4589015",4.16666666666667,3.61538461538462,3.56666666666667,3.30437158469945,3.72372642340913,3.53325023293294,3.59575023293294,4.1,13,"winter"
"9360","4567765",4.08333333333333,3.92307692307692,3.48333333333333,3.31939890710383,3.41617310065221,2.93998262446174,3.15873262446174,4.2,43,"fall"
"9403","4567765",4.08333333333333,3.92307692307692,3.48333333333333,3.31939890710383,3.41617310065221,2.93998262446174,3.15873262446174,4.2,38,"winter"
"9441","4425290",3.75,3.38461538461538,3.35,3.4155737704918,3.15750925436277,3.12576322261674,3.40701322261674,4.06666666666667,1,"fall"
"9442","4425290",3.75,3.38461538461538,3.35,3.4155737704918,3.15750925436277,3.12576322261674,3.40701322261674,4.06666666666667,12,"winter"
"9454","4362856",4,4.07692307692308,3.25,3.11885245901639,3.24788471708091,3.18439265358885,3.18439265358885,3.76666666666667,35,"fall"
"9489","4362856",4,4.07692307692308,3.25,3.11885245901639,3.24788471708091,3.18439265358885,3.18439265358885,3.76666666666667,66,"winter"
"9555","4316926",2.5,3.23076923076923,3.26666666666667,3.13551912568306,3.20003525471532,3.13654319122325,3.38654319122325,3.1,0,"fall"
"9556","4316926",2.5,3.23076923076923,3.26666666666667,3.13551912568306,3.20003525471532,3.13654319122325,3.38654319122325,3.1,17,"winter"
"9573","4303823",4.5,3.84615384615385,3.1,3.23114754098361,3.23114754098361,2.94543325526932,3.03918325526932,4.33333333333333,0,"fall"
"9574","4303823",4.5,3.84615384615385,3.1,3.23114754098361,3.23114754098361,2.94543325526932,3.03918325526932,4.33333333333333,17,"winter"
"9591","4285466",4.08333333333333,3.69230769230769,3.25,3.34836065573771,3.34836065573771,3.18963049700755,3.47088049700755,4.1,58,"fall"
"9649","4285466",4.08333333333333,3.69230769230769,3.25,3.34836065573771,3.34836065573771,3.18963049700755,3.47088049700755,4.1,51,"winter"
"9700","4241423",3.25,3.92307692307692,2.98333333333333,3.14726775956284,3.40533227569187,2.99263386299346,3.21138386299346,4.2,33,"fall"
"9733","4241423",3.25,3.92307692307692,2.98333333333333,3.14726775956284,3.40533227569187,2.99263386299346,3.21138386299346,4.2,38,"winter"
"9771","4229533",3.16666666666667,2.46153846153846,3.53333333333333,3.40218579234973,3.46670192138198,3.40320985788992,3.40320985788992,2.93333333333333,9,"fall"
"9780","4229533",3.16666666666667,2.46153846153846,3.53333333333333,3.40218579234973,3.46670192138198,3.40320985788992,3.40320985788992,2.93333333333333,49,"winter"
"9829","4117553",4.41666666666667,4.30769230769231,3.01666666666667,3.31174863387978,3.27949056936365,2.83504612491921,3.24129612491921,4.63333333333333,47,"fall"
"9876","4117553",4.41666666666667,4.30769230769231,3.01666666666667,3.31174863387978,3.27949056936365,2.83504612491921,3.24129612491921,4.63333333333333,63,"winter"
"9939","4045358",3.83333333333333,4,3.43333333333333,3.33497267759563,3.39948880662789,3.2090126161517,3.4902626161517,4.23333333333333,21,"fall"
"9960","4045358",3.83333333333333,4,3.43333333333333,3.33497267759563,3.39948880662789,3.2090126161517,3.4902626161517,4.23333333333333,27,"winter"
"9987","4007565",3.41666666666667,3.07692307692308,3.38333333333333,3.28497267759563,3.41400493566014,2.93781445946967,3.37531445946967,3.56666666666667,45,"fall"
"10032","4007565",3.41666666666667,3.07692307692308,3.38333333333333,3.28497267759563,3.41400493566014,2.93781445946967,3.37531445946967,3.56666666666667,76,"winter"
"10108","3948515",4,3.69230769230769,3.3,3.2344262295082,3.42797461660497,3.07876826739862,3.29751826739862,3.8,23,"fall"
"10131","3948515",4,3.69230769230769,3.3,3.2344262295082,3.42797461660497,3.07876826739862,3.29751826739862,3.8,37,"winter"
"10168","3906461",3.58333333333333,3.53846153846154,3.38333333333333,3.28497267759563,3.31723074211176,3.22199264687366,3.44074264687366,3.76666666666667,40,"fall"
"10208","3906461",3.58333333333333,3.53846153846154,3.38333333333333,3.28497267759563,3.31723074211176,3.22199264687366,3.44074264687366,3.76666666666667,30,"winter"
"10238","3895592",4.08333333333333,3.92307692307692,3.65,3.42049180327869,3.61404019037546,3.20134177767705,3.57634177767705,4.23333333333333,10,"fall"
"10248","3895592",4.08333333333333,3.92307692307692,3.65,3.42049180327869,3.61404019037546,3.20134177767705,3.57634177767705,4.23333333333333,11,"winter"
"10259","3845160",3.33333333333333,3,2.9,2.9327868852459,3.09407720782655,3.3480454617948,3.0667954617948,2.9,11,"fall"
"10270","3845160",3.33333333333333,3,2.9,2.9327868852459,3.09407720782655,3.3480454617948,3.0667954617948,2.9,19,"winter"
"10289","3776701",3,2.38461538461538,3.26666666666667,3.10273224043716,3.10273224043716,3.16622430392922,3.10372430392922,2.93333333333333,22,"fall"
"10311","3776701",3,2.38461538461538,3.26666666666667,3.10273224043716,3.10273224043716,3.16622430392922,3.10372430392922,2.93333333333333,25,"winter"
"10336","3772598",3.41666666666667,2.92307692307692,3.48333333333333,3.18825136612022,3.28502555966861,3.66597794062099,3.60347794062099,4.06666666666667,19,"fall"
"10355","3772598",3.41666666666667,2.92307692307692,3.48333333333333,3.18825136612022,3.28502555966861,3.66597794062099,3.60347794062099,4.06666666666667,29,"winter"
"10384","3771112",3,2.76923076923077,3.58333333333333,3.38661202185792,3.61241847347083,3.32670418775654,3.63920418775654,4.2,28,"fall"
"10412","3771112",3,2.76923076923077,3.58333333333333,3.38661202185792,3.61241847347083,3.32670418775654,3.63920418775654,4.2,87,"winter"
"10499","3761388",3.91666666666667,3.46153846153846,3.25,3.2172131147541,3.28172924378636,2.99601495807207,3.18351495807207,4,6,"fall"
"10505","3761388",3.91666666666667,3.46153846153846,3.25,3.2172131147541,3.28172924378636,2.99601495807207,3.18351495807207,4,26,"winter"
"10531","3752024",4,4.46153846153846,3.16666666666667,3.23224043715847,3.36127269522299,2.91682825077854,3.10432825077854,3.93333333333333,19,"fall"
"10550","3752024",4,4.46153846153846,3.16666666666667,3.23224043715847,3.36127269522299,2.91682825077854,3.10432825077854,3.93333333333333,9,"winter"
"10559","3613263",3.41666666666667,3,3.65,3.45327868852459,3.61456901110524,3.36060075713698,3.64185075713698,3.73333333333333,23,"fall"
"10582","3613263",3.41666666666667,3,3.65,3.45327868852459,3.61456901110524,3.36060075713698,3.64185075713698,3.73333333333333,47,"winter"
"10629","3607503",4.33333333333333,4.61538461538461,3.36666666666667,3.43224043715847,3.56127269522299,3.14857428252457,3.39857428252457,4.23333333333333,20,"fall"
"10649","3607503",4.33333333333333,4.61538461538461,3.36666666666667,3.43224043715847,3.56127269522299,3.14857428252457,3.39857428252457,4.23333333333333,50,"winter"
"10699","3576039",3.41666666666667,3,3.65,3.45327868852459,3.3565044949762,3.4517425902143,3.4517425902143,3.96666666666667,32,"fall"
"10731","3576039",3.41666666666667,3,3.65,3.45327868852459,3.3565044949762,3.4517425902143,3.4517425902143,3.96666666666667,14,"winter"
"10745","3555363",3.91666666666667,3.23076923076923,3.18333333333333,3.21612021857923,3.31289441212762,2.86844996768318,3.33719996768318,3.33333333333333,24,"fall"
"10769","3555363",3.91666666666667,3.23076923076923,3.18333333333333,3.21612021857923,3.31289441212762,2.86844996768318,3.33719996768318,3.33333333333333,40,"winter"
"10809","3524249",4,3.84615384615385,3.46666666666667,3.43387978142077,3.46613784593689,3.08518546498451,3.39768546498451,3.86666666666667,36,"fall"
"10845","3524249",4,3.84615384615385,3.46666666666667,3.43387978142077,3.46613784593689,3.08518546498451,3.39768546498451,3.86666666666667,47,"winter"
"10892","3479008",3.58333333333333,2.61538461538462,3.15,3.31393442622951,3.21716023268112,3.18541420093509,3.31041420093509,3.46666666666667,22,"fall"
"10914","3479008",3.58333333333333,2.61538461538462,3.15,3.31393442622951,3.21716023268112,3.18541420093509,3.31041420093509,3.46666666666667,44,"winter"
"10958","3465891",3.5,3.46153846153846,3.36666666666667,3.46502732240437,3.40051119337211,3.49574928861021,3.37074928861021,3.8,9,"fall"
"10967","3465891",3.5,3.46153846153846,3.36666666666667,3.46502732240437,3.40051119337211,3.49574928861021,3.37074928861021,3.8,46,"winter"
"11013","3450004",2.41666666666667,2.30769230769231,3.36666666666667,3.49781420765027,3.36878194958576,3.2100517908556,3.4600517908556,2.23333333333333,0,"fall"
"11014","3450004",2.41666666666667,2.30769230769231,3.36666666666667,3.49781420765027,3.36878194958576,3.2100517908556,3.4600517908556,2.23333333333333,33,"winter"
"11047","3445767",3.83333333333333,3.15384615384615,3.4,3.26885245901639,3.30111052353252,3.33285655527855,3.42660655527855,4,34,"fall"
"11081","3445767",3.83333333333333,3.15384615384615,3.4,3.26885245901639,3.30111052353252,3.33285655527855,3.42660655527855,4,55,"winter"
"11136","3424563",3.33333333333333,1.84615384615385,3.26666666666667,3.43060109289617,3.10802044773488,3.64770298741742,3.58520298741742,3.5,19,"fall"
"11155","3424563",3.33333333333333,1.84615384615385,3.26666666666667,3.43060109289617,3.10802044773488,3.64770298741742,3.58520298741742,3.5,31,"winter"
"11186","3414626",1.75,1.92307692307692,3.31666666666667,3.34945355191257,3.31719548739644,3.66640183660279,3.63515183660279,2.93333333333333,26,"fall"
"11212","3414626",1.75,1.92307692307692,3.31666666666667,3.34945355191257,3.31719548739644,3.66640183660279,3.63515183660279,2.93333333333333,54,"winter"
"11266","3380770",4,4,3.4,3.66229508196721,3.30745637228979,3.18047224530567,3.55547224530567,4.33333333333333,0,"fall"
"11267","3380770",4,4,3.4,3.66229508196721,3.30745637228979,3.18047224530567,3.55547224530567,4.33333333333333,58,"winter"
"11325","3363427",3.91666666666667,4.30769230769231,3.58333333333333,2.9931693989071,3.44478230213291,3.06382992118053,3.50132992118053,4.36666666666667,33,"fall"
"11358","3363427",3.91666666666667,4.30769230769231,3.58333333333333,2.9931693989071,3.44478230213291,3.06382992118053,3.50132992118053,4.36666666666667,38,"winter"
"11396","3245442",4,3,3.48333333333333,3.68005464480874,3.61553851577648,3.48855438879236,3.70730438879236,3.56666666666667,1,"fall"
"11397","3245442",4,3,3.48333333333333,3.68005464480874,3.61553851577648,3.48855438879236,3.70730438879236,3.56666666666667,4,"winter"
"11401","3140473",3.5,2.38461538461538,3.5,3.4672131147541,3.62850343733474,3.59675740558871,3.62800740558871,3.23333333333333,7,"fall"
"11408","3140473",3.5,2.38461538461538,3.5,3.4672131147541,3.62850343733474,3.59675740558871,3.62800740558871,3.23333333333333,33,"winter"
"11441","3137978",3,3.15384615384615,3.08333333333333,3.21448087431694,3.05319055173629,3.24366674221249,3.33741674221249,3.8,7,"fall"
"11448","3137978",3,3.15384615384615,3.08333333333333,3.21448087431694,3.05319055173629,3.24366674221249,3.33741674221249,3.8,12,"winter"
"11460","3136767",4,3.76923076923077,3.3,3.52950819672131,3.46499206768905,3.36975397245096,3.52600397245096,4.03333333333333,30,"fall"
"11490","3136767",4,3.76923076923077,3.3,3.52950819672131,3.46499206768905,3.36975397245096,3.52600397245096,4.03333333333333,39,"winter"
"11529","3041523",3.16666666666667,3,3.13333333333333,3.19890710382514,3.06987484576062,3.22860500449078,3.32235500449078,3.83333333333333,40,"fall"
"11569","3041523",3.16666666666667,3,3.13333333333333,3.19890710382514,3.06987484576062,3.22860500449078,3.32235500449078,3.83333333333333,47,"winter"
"11616","3036253",2.83333333333333,3.30769230769231,3.61666666666667,3.38715846994536,3.45167459897761,3.32469047199349,3.79344047199349,4,13,"fall"
"11629","3036253",2.83333333333333,3.30769230769231,3.61666666666667,3.38715846994536,3.45167459897761,3.32469047199349,3.79344047199349,4,54,"winter"
"11683","2942824",2.58333333333333,3,3.05,3.44344262295082,2.99182971972501,3.08706781496311,3.46206781496311,3.23333333333333,29,"fall"
"11712","2942824",2.58333333333333,3,3.05,3.44344262295082,2.99182971972501,3.08706781496311,3.46206781496311,3.23333333333333,24,"winter"
"11736","2927540",2.58333333333333,3.38461538461538,3.56666666666667,3.76338797814208,3.40854926846466,3.37680323671863,3.72055323671863,3.46666666666667,36,"fall"
"11772","2927540",2.58333333333333,3.38461538461538,3.56666666666667,3.76338797814208,3.40854926846466,3.37680323671863,3.72055323671863,3.46666666666667,27,"winter"
"11799","2927483",3.16666666666667,3.23076923076923,3.11666666666667,3.37896174863388,3.34670368411775,3.37844971586378,3.53469971586378,4.06666666666667,8,"fall"
"11807","2927483",3.16666666666667,3.23076923076923,3.11666666666667,3.37896174863388,3.34670368411775,3.37844971586378,3.53469971586378,4.06666666666667,17,"winter"
"11824","2850841",3.83333333333333,3.07692307692308,3.6,3.79672131147541,3.44188260179799,3.56886672878212,3.63136672878212,3.96666666666667,8,"fall"
"11832","2850841",3.83333333333333,3.07692307692308,3.6,3.79672131147541,3.44188260179799,3.56886672878212,3.63136672878212,3.96666666666667,62,"winter"
"11894","2824866",3.58333333333333,3.30769230769231,3.45,3.58114754098361,3.61340560549974,3.32769131978545,3.35894131978545,3.83333333333333,39,"fall"
"11933","2824866",3.58333333333333,3.30769230769231,3.45,3.58114754098361,3.61340560549974,3.32769131978545,3.35894131978545,3.83333333333333,40,"winter"
"11973","2801749",3.91666666666667,3.61538461538462,3.03333333333333,3.19726775956284,3.39081614665962,3.0733558291993,3.3546058291993,4,2,"fall"
"11975","2801749",3.91666666666667,3.61538461538462,3.03333333333333,3.19726775956284,3.39081614665962,3.0733558291993,3.3546058291993,4,9,"winter"
"11984","2786458",3.66666666666667,2.69230769230769,3.43333333333333,3.53169398907104,3.46717786003878,3.34019373305465,3.59019373305465,3.3,0,"fall"
"11985","2786458",3.66666666666667,2.69230769230769,3.43333333333333,3.53169398907104,3.46717786003878,3.34019373305465,3.59019373305465,3.3,22,"winter"
"12007","2728355",2.5,2.84615384615385,3.01666666666667,3.24617486338798,3.24617486338798,2.96046057767369,3.17921057767369,3.26666666666667,0,"fall"
"12008","2728355",2.5,2.84615384615385,3.01666666666667,3.24617486338798,3.24617486338798,2.96046057767369,3.17921057767369,3.26666666666667,29,"winter"
"12037","2625700",2.58333333333333,2.30769230769231,3.16666666666667,3.19945355191257,3.13493742288031,3.35715964510253,3.23215964510253,3.13333333333333,22,"fall"
"12059","2625700",2.58333333333333,2.30769230769231,3.16666666666667,3.19945355191257,3.13493742288031,3.35715964510253,3.23215964510253,3.13333333333333,35,"winter"
"12094","2462124",2.16666666666667,1.92307692307692,3.2,3.00327868852459,3.03553675304072,3.4164891339931,3.6039891339931,2.7,2,"fall"
"12096","2462124",2.16666666666667,1.92307692307692,3.2,3.00327868852459,3.03553675304072,3.4164891339931,3.6039891339931,2.7,1,"winter"
"12097","2451496",3.33333333333333,3.30769230769231,3.36666666666667,3.33387978142077,3.20484752335625,3.10960942811815,3.35960942811815,3.73333333333333,26,"fall"
"12123","2451496",3.33333333333333,3.30769230769231,3.36666666666667,3.33387978142077,3.20484752335625,3.10960942811815,3.35960942811815,3.73333333333333,20,"winter"
"12143","2448383",2.25,2.53846153846154,3.11666666666667,3.21502732240437,3.15051119337211,3.05527309813402,3.27402309813402,2.9,39,"fall"
"12182","2448383",2.25,2.53846153846154,3.11666666666667,3.21502732240437,3.15051119337211,3.05527309813402,3.27402309813402,2.9,31,"winter"
"12213","2424215",3.83333333333333,3.46153846153846,3.6,3.43606557377049,3.46832363828662,3.50006967003265,3.37506967003265,3.86666666666667,14,"fall"
"12227","2424215",3.83333333333333,3.46153846153846,3.6,3.43606557377049,3.46832363828662,3.50006967003265,3.37506967003265,3.86666666666667,13,"winter"
"12240","2420394",3.16666666666667,3.15384615384615,3.35,3.18606557377049,3.05703331570598,2.80306506173772,3.24056506173772,3.8,29,"fall"
"12269","2420394",3.16666666666667,3.15384615384615,3.35,3.18606557377049,3.05703331570598,2.80306506173772,3.24056506173772,3.8,44,"winter"
"12313","2409675",3.08333333333333,2.46153846153846,3.43333333333333,3.59726775956284,3.17791292085316,3.17791292085316,3.67791292085316,3.33333333333333,21,"fall"
"12334","2409675",3.08333333333333,2.46153846153846,3.43333333333333,3.59726775956284,3.17791292085316,3.17791292085316,3.67791292085316,3.33333333333333,27,"winter"
"12361","2357201",3.33333333333333,2.76923076923077,3.01666666666667,3.24617486338798,3.40746518596862,3.24873502723846,3.24873502723846,3.26666666666667,0,"fall"
"12362","2357201",3.33333333333333,2.76923076923077,3.01666666666667,3.24617486338798,3.40746518596862,3.24873502723846,3.24873502723846,3.26666666666667,54,"winter"
"12416","2315043",3.08333333333333,3.84615384615385,2.88333333333333,3.11284153005464,3.27413185263529,2.82968740819085,2.86093740819085,3.2,0,"fall"
"12417","2315043",3.08333333333333,3.84615384615385,2.88333333333333,3.11284153005464,3.27413185263529,2.82968740819085,2.86093740819085,3.2,10,"winter"
"12427","2313549",4.25,3.07692307692308,3.46666666666667,3.26994535519126,3.39897761325577,3.01802523230339,3.26802523230339,3.93333333333333,18,"fall"
"12445","2313549",4.25,3.07692307692308,3.46666666666667,3.26994535519126,3.39897761325577,3.01802523230339,3.26802523230339,3.93333333333333,21,"winter"
"12466","2284133",3.5,3.61538461538462,3.08333333333333,3.14890710382514,3.21342323285739,3.0229470423812,3.2104470423812,3.7,15,"fall"
"12481","2284133",3.5,3.61538461538462,3.08333333333333,3.14890710382514,3.21342323285739,3.0229470423812,3.2104470423812,3.7,22,"winter"
"12503","2277607",1.83333333333333,1.76923076923077,3.58333333333333,3.02595628415301,3.12273047770139,3.56717492214584,3.59842492214584,2.5,10,"fall"
"12513","2277607",1.83333333333333,1.76923076923077,3.58333333333333,3.02595628415301,3.12273047770139,3.56717492214584,3.59842492214584,2.5,16,"winter"
"12529","2254322",3,2.69230769230769,3.15,3.05163934426229,2.95486515071391,3.24057943642819,3.27182943642819,2.66666666666667,0,"fall"
"12530","2254322",3,2.69230769230769,3.15,3.05163934426229,2.95486515071391,3.24057943642819,3.27182943642819,2.66666666666667,31,"winter"
"12561","2232693",4,3.46153846153846,3.35,3.4155737704918,3.48008989952406,3.35310577253993,3.19685577253993,3.7,21,"fall"
"12582","2232693",4,3.46153846153846,3.35,3.4155737704918,3.48008989952406,3.35310577253993,3.19685577253993,3.7,40,"winter"
"12622","2222040",3.5,3.30769230769231,2.98333333333333,3.18005464480874,3.27682883835713,3.21333677486507,3.18208677486507,3.7,20,"fall"
"12642","2222040",3.5,3.30769230769231,2.98333333333333,3.18005464480874,3.27682883835713,3.21333677486507,3.18208677486507,3.7,37,"winter"
"12679","2197963",3.66666666666667,3.69230769230769,3.43333333333333,3.43333333333333,3.30430107526882,3.30430107526882,3.33555107526882,4.1,21,"fall"
"12700","2197963",3.66666666666667,3.69230769230769,3.43333333333333,3.43333333333333,3.30430107526882,3.30430107526882,3.33555107526882,4.1,40,"winter"
"12740","2196603",2.25,3.61538461538462,3.28333333333333,3.08661202185792,3.2801604089547,3.59762072641502,3.62887072641502,2.8,21,"fall"
"12761","2196603",2.25,3.61538461538462,3.28333333333333,3.08661202185792,3.2801604089547,3.59762072641502,3.62887072641502,2.8,12,"winter"
"12773","2191928",3.25,2.69230769230769,3.25,3.3155737704918,3.38008989952406,3.44358196301612,3.34983196301612,3.2,34,"fall"
"12807","2191928",3.25,2.69230769230769,3.25,3.3155737704918,3.38008989952406,3.44358196301612,3.34983196301612,3.2,45,"winter"
"12852","2181249",2.33333333333333,2.61538461538462,3.11666666666667,3.01830601092896,3.11508020447735,3.33730242669957,3.24355242669957,2.96666666666667,15,"fall"
"12867","2181249",2.33333333333333,2.61538461538462,3.11666666666667,3.01830601092896,3.11508020447735,3.33730242669957,3.24355242669957,2.96666666666667,6,"winter"
"12873","2178358",3.16666666666667,3.15384615384615,3.1,3.19836065573771,3.19836065573771,3.03963049700755,3.57088049700755,4.13333333333333,23,"fall"
"12896","2178358",3.16666666666667,3.15384615384615,3.1,3.19836065573771,3.19836065573771,3.03963049700755,3.57088049700755,4.13333333333333,27,"winter"
"12923","2029486",4.16666666666667,3.92307692307692,3.16666666666667,3.26502732240437,3.26502732240437,2.94756700494405,3.10381700494405,3.76666666666667,73,"fall"
"12996","2029486",4.16666666666667,3.92307692307692,3.16666666666667,3.26502732240437,3.26502732240437,2.94756700494405,3.10381700494405,3.76666666666667,86,"winter"
"13082","2011572",2.25,2,3.01666666666667,3.37732240437158,2.95796756566191,3.30717391486826,3.11967391486826,3.43333333333333,0,"fall"
"13084","2011572",2.25,2,3.01666666666667,3.37732240437158,2.95796756566191,3.30717391486826,3.11967391486826,3.43333333333333,21,"winter"
"13105","1943525",3.75,3.15384615384615,3.01666666666667,2.88551912568306,2.78874493213467,2.75699890038864,3.06949890038864,3.03333333333333,26,"fall"
"13131","1943525",3.75,3.15384615384615,3.01666666666667,2.88551912568306,2.78874493213467,2.75699890038864,3.06949890038864,3.03333333333333,23,"winter"
"13154","1906779",3.08333333333333,2.69230769230769,3.26666666666667,3.20109289617486,3.29786708972325,3.17088296273912,3.35838296273912,3.3,40,"fall"
"13194","1906779",3.08333333333333,2.69230769230769,3.26666666666667,3.20109289617486,3.29786708972325,3.17088296273912,3.35838296273912,3.3,39,"winter"
"13233","1903936",3.83333333333333,3.38461538461538,3.25,3.25,3.28225806451613,2.90130568356375,3.12005568356375,3.7,26,"fall"
"13259","1903936",3.83333333333333,3.38461538461538,3.25,3.25,3.28225806451613,2.90130568356375,3.12005568356375,3.7,45,"winter"
"13304","1875106",3.5,3.46153846153846,3.23333333333333,3.13497267759563,3.29626300017627,3.20102490493818,3.13852490493818,3.66666666666667,0,"fall"
"13305","1875106",3.5,3.46153846153846,3.23333333333333,3.13497267759563,3.29626300017627,3.20102490493818,3.13852490493818,3.66666666666667,39,"winter"
"13344","1862514",4.08333333333333,3.23076923076923,3.58333333333333,3.28825136612022,3.48179975321699,3.10084737226461,3.31959737226461,4.16666666666667,45,"fall"
"13389","1862514",4.08333333333333,3.23076923076923,3.58333333333333,3.28825136612022,3.48179975321699,3.10084737226461,3.31959737226461,4.16666666666667,49,"winter"
"13438","1843421",3.33333333333333,2.61538461538462,3.31666666666667,3.44781420765027,3.38329807861802,3.35155204687198,3.38280204687198,3.2,46,"fall"
"13484","1843421",3.33333333333333,2.61538461538462,3.31666666666667,3.44781420765027,3.38329807861802,3.35155204687198,3.38280204687198,3.2,58,"winter"
"13542","1835054",3.08333333333333,3.07692307692308,3.7,3.40491803278689,3.27588577472237,3.24413974297634,3.58788974297634,4.3,21,"fall"
"13563","1835054",3.08333333333333,3.07692307692308,3.7,3.40491803278689,3.27588577472237,3.24413974297634,3.58788974297634,4.3,21,"winter"
"13584","1777648",3.75,3.23076923076923,3.23333333333333,3.16775956284153,3.03872730477701,3.13396540001511,3.44646540001511,3.66666666666667,25,"fall"
"13609","1777648",3.75,3.23076923076923,3.23333333333333,3.16775956284153,3.03872730477701,3.13396540001511,3.44646540001511,3.66666666666667,31,"winter"
"13640","1746828",3,2.76923076923077,3.5,3.30327868852459,3.56134320465362,3.65658129989172,3.43783129989172,3.03333333333333,18,"fall"
"13658","1746828",3,2.76923076923077,3.5,3.30327868852459,3.56134320465362,3.65658129989172,3.43783129989172,3.03333333333333,41,"winter"
"13699","1734105",2.91666666666667,2.92307692307692,3.05,3.1155737704918,3.18008989952406,3.116597836032,3.147847836032,3,62,"fall"
"13761","1734105",2.91666666666667,2.92307692307692,3.05,3.1155737704918,3.18008989952406,3.116597836032,3.147847836032,3,35,"winter"
"13796","1679619",3.5,3.07692307692308,3.18333333333333,3.21612021857923,2.9580557024502,2.98980173419623,2.98980173419623,3.53333333333333,10,"fall"
"13806","1679619",3.5,3.07692307692308,3.18333333333333,3.21612021857923,2.9580557024502,2.98980173419623,2.98980173419623,3.53333333333333,13,"winter"
"13819","1577584",4.08333333333333,4.53846153846154,3.21666666666667,3.34781420765027,3.54136259474705,3.28739434077879,3.19364434077879,3.86666666666667,1,"fall"
"13820","1577584",4.08333333333333,4.53846153846154,3.21666666666667,3.34781420765027,3.54136259474705,3.28739434077879,3.19364434077879,3.86666666666667,18,"winter"
"13838","1504432",4.16666666666667,4.30769230769231,3.48333333333333,3.38497267759563,3.51400493566014,3.03781445946967,3.28781445946967,4.26666666666667,47,"fall"
"13885","1504432",4.16666666666667,4.30769230769231,3.48333333333333,3.38497267759563,3.51400493566014,3.03781445946967,3.28781445946967,4.26666666666667,38,"winter"
"13923","1489478",2.66666666666667,2.23076923076923,3.38333333333333,3.35054644808743,3.22151419002292,3.6024665709753,3.6649665709753,3.5,38,"fall"
"13961","1489478",2.66666666666667,2.23076923076923,3.38333333333333,3.35054644808743,3.22151419002292,3.6024665709753,3.6649665709753,3.5,35,"winter"
"13996","1458998",3.41666666666667,4.46153846153846,3.23333333333333,3.33169398907104,3.71879076326459,3.27434631882014,3.24309631882014,3.93333333333333,15,"fall"
"14011","1458998",3.41666666666667,4.46153846153846,3.23333333333333,3.33169398907104,3.71879076326459,3.27434631882014,3.24309631882014,3.93333333333333,38,"winter"
"14049","1458941",3.16666666666667,3.07692307692308,3.06666666666667,3.16502732240437,3.06825312885598,3.00476106536392,3.06726106536392,3.46666666666667,31,"fall"
"14080","1458941",3.16666666666667,3.07692307692308,3.06666666666667,3.16502732240437,3.06825312885598,3.00476106536392,3.06726106536392,3.46666666666667,34,"winter"
"14114","1457254",3.25,3.84615384615385,3.63333333333333,3.73169398907104,3.57040366649039,3.44341953950627,3.47466953950627,3.73333333333333,3,"fall"
"14117","1457254",3.25,3.84615384615385,3.63333333333333,3.73169398907104,3.57040366649039,3.44341953950627,3.47466953950627,3.73333333333333,7,"winter"
"14124","1409016",3,3.23076923076923,2.88333333333333,3.27677595628415,3.18000176273577,3.05301763575164,3.24051763575164,2.23333333333333,2,"fall"
"14126","1409016",3,3.23076923076923,2.88333333333333,3.27677595628415,3.18000176273577,3.05301763575164,3.24051763575164,2.23333333333333,6,"winter"
"14132","1380143",2.66666666666667,3.15384615384615,3.4,3.53114754098361,3.59566367001586,3.46867954303174,3.59367954303174,3.43333333333333,12,"fall"
"14144","1380143",2.66666666666667,3.15384615384615,3.4,3.53114754098361,3.59566367001586,3.46867954303174,3.59367954303174,3.43333333333333,30,"winter"
"14174","1378047",3.66666666666667,3.15384615384615,3.08333333333333,3.21448087431694,3.18222280980081,3.21396884154684,3.18271884154684,3.86666666666667,4,"fall"
"14178","1378047",3.66666666666667,3.15384615384615,3.08333333333333,3.21448087431694,3.18222280980081,3.21396884154684,3.18271884154684,3.86666666666667,25,"winter"
"14203","1370201",2.5,2.69230769230769,3.6,3.30491803278689,3.24040190375463,3.33563999899272,3.24188999899272,2.7,34,"fall"
"14237","1370201",2.5,2.69230769230769,3.6,3.30491803278689,3.24040190375463,3.33563999899272,3.24188999899272,2.7,48,"winter"
"14285","1367829",3.25,3.46153846153846,3.33333333333333,3.33333333333333,3.3010752688172,3.17409114183308,3.45534114183308,3.06666666666667,25,"fall"
"14310","1367829",3.25,3.46153846153846,3.33333333333333,3.33333333333333,3.3010752688172,3.17409114183308,3.45534114183308,3.06666666666667,14,"winter"
"14324","1299073",3.58333333333333,3.76923076923077,2.98333333333333,3.14726775956284,3.14726775956284,2.92504553734062,3.33129553734062,4,19,"fall"
"14343","1299073",3.58333333333333,3.76923076923077,2.98333333333333,3.14726775956284,3.14726775956284,2.92504553734062,3.33129553734062,4,70,"winter"
"14413","1270310",4.08333333333333,3.69230769230769,3.18333333333333,3.08497267759563,3.14948880662789,2.92726658440566,2.98976658440566,3.66666666666667,5,"fall"
"14418","1270310",4.08333333333333,3.69230769230769,3.18333333333333,3.08497267759563,3.14948880662789,2.92726658440566,2.98976658440566,3.66666666666667,32,"winter"
"14450","1254542",2.58333333333333,2.92307692307692,3.13333333333333,3.23169398907104,3.23169398907104,3.10470986208691,3.19845986208691,3.33333333333333,0,"fall"
"14451","1254542",2.58333333333333,2.92307692307692,3.13333333333333,3.23169398907104,3.23169398907104,3.10470986208691,3.19845986208691,3.33333333333333,16,"winter"
"14467","1224438",3.25,2.61538461538462,3.43333333333333,3.43333333333333,3.20752688172043,3.0805427547363,3.2680427547363,3.56666666666667,29,"fall"
"14496","1224438",3.25,2.61538461538462,3.43333333333333,3.43333333333333,3.20752688172043,3.0805427547363,3.2680427547363,3.56666666666667,21,"winter"
"14517","1211514",3.83333333333333,4.07692307692308,3.26666666666667,3.33224043715847,3.39675656619073,2.92056609000025,3.38931609000025,4.06666666666667,29,"fall"
"14546","1211514",3.83333333333333,4.07692307692308,3.26666666666667,3.33224043715847,3.39675656619073,2.92056609000025,3.38931609000025,4.06666666666667,32,"winter"
"14578","1207262",4.33333333333333,4.15384615384615,3.36666666666667,3.43224043715847,3.30320817909395,3.20797008385586,3.45797008385586,3.7,45,"fall"
"14623","1207262",4.33333333333333,4.15384615384615,3.36666666666667,3.43224043715847,3.30320817909395,3.20797008385586,3.45797008385586,3.7,45,"winter"
"14668","1163277",2.83333333333333,2.30769230769231,3.2,3.2327868852459,3.10375462718139,3.61169113511789,3.42419113511789,3.1,18,"fall"
"14686","1163277",2.83333333333333,2.30769230769231,3.2,3.2327868852459,3.10375462718139,3.61169113511789,3.42419113511789,3.1,14,"winter"
"14700","1093287",3.58333333333333,3.30769230769231,3.43333333333333,3.10546448087432,3.16998060990657,3.07474251466848,3.51224251466848,4.23333333333333,0,"fall"
"14701","1093287",3.58333333333333,3.30769230769231,3.43333333333333,3.10546448087432,3.16998060990657,3.07474251466848,3.51224251466848,4.23333333333333,54,"winter"
"14755","1067266",3.5,3.69230769230769,3.4,3.4327868852459,3.27149656266526,3.017528308697,3.486278308697,3.76666666666667,10,"fall"
"14765","1067266",3.5,3.69230769230769,3.4,3.4327868852459,3.27149656266526,3.017528308697,3.486278308697,3.76666666666667,39,"winter"
"14804","916067",3.08333333333333,3.30769230769231,3.35,3.35,3.44677419354839,3.12931387608807,3.34806387608807,3.6,17,"fall"
"14821","916067",3.08333333333333,3.30769230769231,3.35,3.35,3.44677419354839,3.12931387608807,3.34806387608807,3.6,22,"winter"
"14843","898739",4.16666666666667,4.30769230769231,3.26666666666667,3.16830601092896,3.42637052705799,3.20414830483577,3.39164830483577,4.2,74,"fall"
"14917","898739",4.16666666666667,4.30769230769231,3.26666666666667,3.16830601092896,3.42637052705799,3.20414830483577,3.39164830483577,4.2,81,"winter"
"14998","779022",2.91666666666667,3.61538461538462,3.66666666666667,3.56830601092896,3.69733826899348,3.57035414200935,4.03910414200935,4.2,0,"fall"
"14999","779022",2.91666666666667,3.61538461538462,3.66666666666667,3.56830601092896,3.69733826899348,3.57035414200935,4.03910414200935,4.2,53,"winter"
"15052","744594",3.33333333333333,3.30769230769231,3.2,3.2,3.23225806451613,3.13701996927803,3.16826996927803,3.23333333333333,10,"fall"
"15062","744594",3.33333333333333,3.30769230769231,3.2,3.2,3.23225806451613,3.13701996927803,3.16826996927803,3.23333333333333,49,"winter"
"15111","731567",2.5,3.38461538461538,3.51666666666667,3.38551912568306,3.28874493213467,3.3204909638807,3.6329909638807,3.36666666666667,0,"fall"
"15112","731567",2.5,3.38461538461538,3.51666666666667,3.38551912568306,3.28874493213467,3.3204909638807,3.6329909638807,3.36666666666667,33,"winter"
"15145","653027",3.91666666666667,3.76923076923077,2.95,3.24508196721311,3.18056583818086,2.67262933024435,3.04762933024435,3.96666666666667,13,"fall"
"15158","653027",3.91666666666667,3.76923076923077,2.95,3.24508196721311,3.18056583818086,2.67262933024435,3.04762933024435,3.96666666666667,13,"winter"
"15171","620103",4.16666666666667,2.84615384615385,3.6,3.76393442622951,3.69941829719725,3.38195797973693,3.41320797973693,3.63333333333333,28,"fall"
"15199","620103",4.16666666666667,2.84615384615385,3.6,3.76393442622951,3.69941829719725,3.38195797973693,3.41320797973693,3.63333333333333,35,"winter"
"15234","589066",3.08333333333333,3.84615384615385,2.95,3.40901639344262,3.0541776837652,2.95893958852711,3.39643958852711,2.8,15,"fall"
"15249","589066",3.08333333333333,3.84615384615385,2.95,3.40901639344262,3.0541776837652,2.95893958852711,3.39643958852711,2.8,13,"winter"
"15262","569109",4.33333333333333,3.84615384615385,3.41666666666667,3.05601092896175,3.47536576767143,3.22139751370317,3.44014751370317,4.06666666666667,37,"fall"
"15299","569109",4.33333333333333,3.84615384615385,3.41666666666667,3.05601092896175,3.47536576767143,3.22139751370317,3.44014751370317,4.06666666666667,33,"winter"
"15332","563471",3.75,3.07692307692308,3.35,3.4155737704918,3.35105764145955,3.22407351447542,3.50532351447542,3.96666666666667,3,"fall"
"15335","563471",3.75,3.07692307692308,3.35,3.4155737704918,3.35105764145955,3.22407351447542,3.50532351447542,3.96666666666667,35,"winter"
"15370","531193",2.91666666666667,2.76923076923077,3.65,3.45327868852459,3.38876255949233,3.51574668647646,3.54699668647646,3.7,18,"fall"
"15388","531193",2.91666666666667,2.76923076923077,3.65,3.45327868852459,3.38876255949233,3.51574668647646,3.54699668647646,3.7,29,"winter"
"15417","521496",3,3.07692307692308,3.31666666666667,3.21830601092896,3.34733826899348,3.02987795153316,3.49862795153316,3.6,55,"fall"
"15472","521496",3,3.07692307692308,3.31666666666667,3.21830601092896,3.34733826899348,3.02987795153316,3.49862795153316,3.6,49,"winter"
"15521","505453",3.5,4.23076923076923,3.45,3.28606557377049,3.25380750925436,3.03158528703214,3.59408528703214,4,42,"fall"
"15563","505453",3.5,4.23076923076923,3.45,3.28606557377049,3.25380750925436,3.03158528703214,3.59408528703214,4,34,"winter"
"15597","468035",3.75,3.69230769230769,3.33333333333333,3.39890710382514,3.43116516834127,3.05021278738888,3.48771278738888,4.23333333333333,16,"fall"
"15613","468035",3.75,3.69230769230769,3.33333333333333,3.39890710382514,3.43116516834127,3.05021278738888,3.48771278738888,4.23333333333333,29,"winter"
"15642","320692",3.33333333333333,2.53846153846154,3.58333333333333,3.41939890710383,3.32262471355544,3.32262471355544,3.44762471355544,3.5,37,"fall"
"15679","320692",3.33333333333333,2.53846153846154,3.58333333333333,3.41939890710383,3.32262471355544,3.32262471355544,3.44762471355544,3.5,29,"winter"
"15708","216510",2.66666666666667,2.38461538461538,2.9,2.8344262295082,2.89894235854045,3.05767251727061,3.15142251727061,3.03333333333333,17,"fall"
"15725","216510",2.66666666666667,2.38461538461538,2.9,2.8344262295082,2.89894235854045,3.05767251727061,3.15142251727061,3.03333333333333,3,"winter"
"15728","197000",3.58333333333333,3.30769230769231,3.13333333333333,3.26448087431694,3.16770668076855,3.26294477600665,3.35669477600665,3.8,8,"fall"
"15736","197000",3.58333333333333,3.30769230769231,3.13333333333333,3.26448087431694,3.16770668076855,3.26294477600665,3.35669477600665,3.8,30,"winter"
"15766","168960",2.25,2.23076923076923,3.3,2.90655737704918,3.16462189317821,3.57732030587663,3.45232030587663,3.16666666666667,0,"fall"
"15767","168960",2.25,2.23076923076923,3.3,2.90655737704918,3.16462189317821,3.57732030587663,3.45232030587663,3.16666666666667,49,"winter"
"15816","134831",2.83333333333333,3.46153846153846,3.26666666666667,3.03715846994536,3.198448792526,3.03971863379584,3.28971863379584,3.9,19,"fall"
"15835","134831",2.83333333333333,3.46153846153846,3.26666666666667,3.03715846994536,3.198448792526,3.03971863379584,3.28971863379584,3.9,28,"winter"
"15863","131392",2.5,3.30769230769231,3.26666666666667,3.23387978142076,3.55646042658206,3.23900010912174,3.55150010912174,3.6,2,"fall"
"15865","131392",2.5,3.30769230769231,3.26666666666667,3.23387978142076,3.55646042658206,3.23900010912174,3.55150010912174,3.6,21,"winter"
"15886","113644",4.16666666666667,4.53846153846154,3.7,3.27377049180328,3.59635113696457,3.05666859728203,3.58791859728203,4.73333333333333,37,"fall"
"15923","113644",4.16666666666667,4.53846153846154,3.7,3.27377049180328,3.59635113696457,3.05666859728203,3.58791859728203,4.73333333333333,44,"winter"
