subID,Grit_score,BSCS_score,BFI_E_score,BFI_A_score,BFI_C_score,BFI_N_score,BFI_O_score,Planfulness_score,Planfulnesscenter,Week1_count,Week2_count,Week3_count,Week4_count,Week5_count,Week6_count,Week7_count,Week8_count,Week9_count,Week10_count,Week11_count,Week12_count,Week13_count,Week14_count,Week15_count,Week16_count,Week17_count,Week18_count,Week19_count,Week20_count
9985046,3.333333333,2.769230769,3.383333333,3.284972678,3.446263,3.25578681,3.34953681,3.933333333,0.280901542,5,5,3,3,2,2,3,2,1,3,5,6,4,4,5,7,6,4,4,4
9886086,2,1.461538462,3.55,3.353278689,3.288762559,3.987175258,3.362175258,2.766666667,-0.885765125,5,3,2,1,4,6,4,2,1,4,4,3,3,1,1,1,4,4,3,2
9884883,2.916666667,3.692307692,3.4,3.006557377,3.264621893,3.074145703,3.261645703,3.566666667,-0.085765125,6,3,1,2,3,1,1,2,1,1,5,5,5,5,4,3,4,6,5,3
9803716,2.5,2.538461538,3.016666667,2.918306011,3.079596334,3.079596334,3.017096334,3.233333333,-0.419098458,1,1,1,1,1,1,1,0,0,0,2,2,0,1,2,2,2,2,2,2
9792061,3,2.923076923,3.85,3.587704918,3.748995241,3.653757145,3.778757145,3.4,-0.252431791,0,0,0,0,0,0,0,0,0,1,1,2,2,2,3,1,4,2,1,5
9777572,3.416666667,3.461538462,3.516666667,3.549453552,3.613969681,3.201271268,3.857521268,3.7,0.047568209,2,0,0,0,2,1,0,0,0,0,2,2,1,2,0,1,1,1,2,2
9707611,3.666666667,3.538461538,3.083333333,3.24726776,3.440816147,3.123355829,3.060855829,3.8,0.147568209,10,9,4,5,5,7,5,4,4,4,4,6,2,3,2,3,2,2,0,2
9660851,3.416666667,3.076923077,3.383333333,3.350546448,3.060223867,3.155461963,3.436711963,3,-0.652431791,0,0,0,0,1,0,0,0,0,0,5,4,3,3,3,4,4,2,4,3
9655426,4.333333333,4.076923077,3.05,3.148360656,3.245134849,2.70545231,3.17420231,3.833333333,0.180901542,4,5,3,6,3,6,3,3,3,10,7,8,7,9,8,9,9,8,8,0
9640166,4.25,3.461538462,3.433333333,3.203825137,3.268341266,3.363579361,3.519829361,4.433333333,0.780901542,1,1,0,1,0,1,0,0,0,0,6,3,1,1,3,1,0,2,0,0
9615390,4.083333333,3.538461538,3.5,3.43442623,3.176361713,2.890647428,3.390647428,3.6,-0.052431791,1,4,3,0,0,0,0,0,0,0,1,6,6,1,4,3,4,4,4,3
9603803,3.666666667,2.846153846,3.583333333,3.550546448,3.292481932,3.006767646,3.506767646,3.066666667,-0.585765125,4,4,1,0,0,0,0,0,2,1,6,3,5,3,4,1,5,4,4,1
9601316,3.916666667,3,3.933333333,3.933333333,3.772043011,3.58156682,3.55031682,4.033333333,0.380901542,6,2,3,3,3,2,5,1,0,2,2,5,4,3,2,3,2,3,4,4
9577315,3.666666667,4.230769231,3.283333333,3.480054645,3.318764322,2.874319878,3.093069878,3.166666667,-0.485765125,1,2,2,2,2,5,1,3,1,2,2,4,3,1,3,3,5,5,3,4
9567472,3.583333333,4.076923077,3.216666667,3.183879781,3.345170104,3.027709787,3.558959787,4.633333333,0.980901542,3,5,3,4,4,6,6,5,2,3,7,5,5,5,3,1,4,5,2,3
9545166,3.5,3.384615385,3.35,3.251639344,3.154865151,3.027881024,3.340381024,3.966666667,0.314234875,4,6,5,6,4,6,7,7,2,5,6,6,7,6,6,6,6,5,8,4
9426570,2.75,3.461538462,3.116666667,3.149453552,3.181711616,2.895997331,3.145997331,3.5,-0.152431791,5,5,6,5,3,5,4,6,3,2,5,4,5,3,5,4,3,7,5,3
9406228,4,3.846153846,3.183333333,3.314480874,3.346738939,2.870548463,3.433048463,3.4,-0.252431791,0,0,0,0,1,2,1,2,0,1,7,6,4,1,1,1,2,1,6,1
9385741,3,3.153846154,3,3.032786885,2.968270756,2.714302502,3.089302502,3.7,0.047568209,11,3,4,1,3,3,1,1,1,1,6,8,8,7,4,3,3,5,3,4
9371079,3.5,2.153846154,3.433333333,3.302185792,3.269927728,3.206435664,3.487685664,3.466666667,-0.185765125,4,0,8,8,6,9,6,8,2,5,4,3,4,0,1,2,3,5,2,0
9364184,3.916666667,4.538461538,3.433333333,3.433333333,3.62688172,2.89672299,3.55297299,4.333333333,0.680901542,2,1,3,1,0,2,0,3,1,0,5,5,5,2,2,3,2,3,5,4
9347987,4.333333333,3.769230769,3.45,3.253278689,3.317794818,2.746366246,3.402616246,4.4,0.747568209,4,5,3,5,3,4,4,3,0,4,4,3,4,4,4,5,4,4,4,5
9296431,2.583333333,2.461538462,3,3.196721311,2.97091486,2.875676765,3.250676765,3,-0.652431791,0,0,0,0,0,0,0,0,0,0,7,5,4,1,0,0,0,0,0,0
9275818,3.416666667,2.923076923,3.6,3.6,3.632258065,3.568766001,3.631266001,3.466666667,-0.185765125,0,0,0,0,0,0,0,0,0,0,0,4,4,4,1,3,2,4,3,2
9188921,3.833333333,3.153846154,3.1,3.427868852,3.363352723,2.918908279,3.450158279,3.7,0.047568209,5,3,2,5,3,2,4,3,3,4,0,2,0,0,0,1,2,0,0,2
9166862,3,2.538461538,3.433333333,3.269398907,3.333915036,3.429153131,3.147903131,3.6,-0.052431791,5,1,2,3,0,5,5,4,2,4,6,4,7,5,6,5,6,4,6,4
9090959,3.333333333,3.076923077,3.183333333,3.248907104,2.990842588,2.959096556,3.396596556,3.833333333,0.180901542,3,5,5,5,4,4,5,5,2,3,2,5,5,5,4,6,5,7,6,4
9047427,4.166666667,3.153846154,3.283333333,3.086612022,3.280160409,2.93095406,3.14970406,4.066666667,0.414234875,6,2,7,5,5,4,7,6,3,5,7,9,9,7,6,8,7,5,4,9
8955816,3.583333333,3.769230769,3.15,3.346721311,3.153172924,2.676982448,3.176982448,3.233333333,-0.419098458,3,2,3,3,3,3,1,1,1,1,2,2,2,2,2,2,2,2,2,2
8955739,3.25,3.307692308,3.266666667,3.266666667,3.202150538,3.138658474,3.357408474,3.7,0.047568209,0,0,0,0,0,0,0,0,0,0,2,2,2,3,2,1,1,2,1,2
8941162,3.833333333,3.615384615,3.233333333,3.528415301,3.302608849,3.334354881,3.459354881,4,0.347568209,1,3,3,4,4,8,7,5,1,6,2,7,3,2,4,5,5,3,3,4
8934989,3.166666667,1.923076923,3.466666667,3.335519126,3.174228803,3.396451025,3.333951025,3.166666667,-0.485765125,5,3,2,3,1,0,0,1,0,0,4,6,4,1,4,2,1,5,3,1
8898997,3.5,3.076923077,3,3.229508197,3.132734003,3.196226067,3.039976067,3.2,-0.452431791,1,0,0,0,6,0,1,1,0,3,2,4,3,5,6,1,4,4,1,1
8887881,3.5,2.923076923,3.266666667,3.299453552,3.170421294,3.265659389,3.328159389,3.466666667,-0.185765125,0,0,4,2,1,3,1,8,0,7,2,6,5,2,6,4,1,3,2,2
8843383,3.666666667,3.461538462,2.966666667,3.097814208,3.194588401,3.099350306,2.943100306,3.7,0.047568209,2,1,3,2,1,2,2,3,1,2,3,2,3,3,3,1,4,3,2,2
8841748,3.333333333,3.153846154,3.533333333,3.238251366,3.33502556,3.081057306,3.268557306,3.933333333,0.280901542,3,1,0,0,0,5,3,7,2,4,6,6,6,6,4,6,6,1,1,0
8794757,2.083333333,2.615384615,3.166666667,3.101092896,3.165609025,3.578307438,3.234557438,2.766666667,-0.885765125,3,0,2,0,0,1,1,2,0,0,2,3,1,0,1,0,0,0,0,0
8750230,3.916666667,3.615384615,3.45,3.318852459,3.447884717,2.812964082,3.187964082,3.833333333,0.180901542,4,2,0,3,3,3,2,3,1,2,4,5,4,4,5,6,3,3,2,0
8747006,2.916666667,3.846153846,3.05,3.246721311,3.278979376,3.056757154,3.244257154,3.766666667,0.114234875,6,5,4,4,6,5,7,7,2,5,6,8,7,6,7,7,6,7,6,4
8741987,2.916666667,2.538461538,3.116666667,3.247814208,3.054265821,3.212995979,3.431745979,3.1,-0.552431791,4,2,3,1,2,1,3,1,1,2,3,3,3,2,1,0,0,0,0,1
8737292,4.333333333,3.846153846,3.55,3.582786885,3.711819143,3.203882635,3.672632635,4.166666667,0.514234875,9,10,10,9,11,9,12,10,6,9,8,8,12,11,9,11,15,11,2,10
8712837,3.833333333,3.384615385,3.216666667,3.216666667,3.184408602,3.470122888,3.563872888,3.3,-0.352431791,3,2,2,2,1,1,2,4,1,2,5,2,1,3,3,2,1,4,3,0
8708719,4.083333333,3.615384615,3.466666667,3.204371585,3.720500617,3.212564109,3.650064109,4.333333333,0.680901542,5,5,4,4,4,4,3,4,2,4,14,8,10,9,12,6,7,8,7,7
8663947,3.666666667,3.692307692,3.4,3.203278689,3.461343205,3.302613046,3.365113046,3.966666667,0.314234875,12,2,4,5,6,4,6,5,4,5,0,5,9,7,7,6,5,10,8,5
8662560,2.333333333,3,3.2,3.429508197,3.494024326,3.557516389,3.213766389,3.566666667,-0.085765125,4,4,2,1,2,2,1,2,1,2,2,3,2,1,2,2,3,3,1,2
8645963,2.5,2.384615385,3.45,3.581147541,3.452115283,3.674337505,3.643087505,3.066666667,-0.585765125,0,4,4,4,1,4,4,3,2,2,5,4,1,3,3,3,1,2,4,1
8493302,4,3.615384615,3.566666667,3.468306011,3.53282214,3.024885632,3.306135632,4.2,0.547568209,6,2,0,2,2,4,3,3,1,3,5,5,5,6,7,4,6,5,5,5
8455627,3.5,3.846153846,3.266666667,3.135519126,3.264551384,2.947091066,3.540841066,3.033333333,-0.619098458,4,4,4,4,2,4,4,3,0,0,0,2,5,3,0,5,4,5,2,1
8444711,3.5,3.461538462,3.05,3.148360656,3.245134849,3.022912627,3.304162627,3.433333333,-0.219098458,3,4,2,3,2,2,4,4,1,0,2,4,0,4,4,3,2,5,4,1
8408469,3.916666667,4,3.216666667,3.183879781,3.345170104,2.773741533,3.117491533,4.2,0.547568209,2,3,2,1,1,3,1,3,2,3,3,3,5,3,3,1,4,3,3,2
8407341,4.333333333,3.230769231,3.55,3.222131148,3.38342147,3.288183375,3.381933375,4.3,0.647568209,5,5,5,3,3,5,4,4,1,3,4,4,4,4,3,3,3,5,3,4
8376713,3.25,3.307692308,3.316666667,3.447814208,3.222007756,3.126769661,3.533019661,3.166666667,-0.485765125,4,2,3,4,3,2,3,4,0,3,3,4,5,3,5,1,4,2,5,4
8375467,2.916666667,2.615384615,3.65,3.551639344,3.454865151,3.359627055,3.672127055,3.633333333,-0.019098458,6,5,7,4,5,5,6,4,3,4,6,5,6,6,6,4,6,5,6,4
8372610,3.916666667,3.769230769,3.033333333,3.328415301,3.360673365,3.074959079,3.387459079,3.866666667,0.214234875,1,2,5,3,4,3,2,3,2,2,7,6,4,2,2,4,4,5,3,3
8276906,4.416666667,3.230769231,3.733333333,3.536612022,3.794676538,3.572454316,3.728704316,4.666666667,1.014234875,0,0,0,0,0,0,0,0,1,0,3,4,5,5,3,5,6,5,6,4
8251996,3.25,3.384615385,3.383333333,3.416120219,3.319346025,3.319346025,3.569346025,3.766666667,0.114234875,6,11,7,6,5,4,5,7,4,4,3,9,6,7,9,5,7,6,6,4
8201679,3.5,2.692307692,3.116666667,3.444535519,3.186471003,2.742026559,3.210776559,2.933333333,-0.719098458,0,1,2,3,3,2,1,1,1,0,1,1,1,0,0,0,0,0,0,0
8132502,3.25,3.538461538,3.316666667,3.251092896,3.218834832,3.441057054,3.472307054,3.7,0.047568209,0,0,0,0,0,0,0,0,0,0,1,2,0,1,1,0,0,0,0,0
8119386,3.166666667,2.692307692,3.216666667,3.183879781,2.990331394,2.958585363,3.271085363,3.366666667,-0.285765125,4,5,5,4,6,5,5,6,3,6,5,7,2,6,4,8,5,7,7,4
8081236,4.833333333,4.384615385,3.5,3.467213115,3.499471179,2.832804513,3.239054513,4.166666667,0.514234875,2,0,4,0,0,0,0,0,0,0,1,6,0,1,2,0,0,0,1,0
8068657,3,2.769230769,3.3,3.23442623,3.395716552,3.427462584,3.552462584,3.466666667,-0.185765125,1,2,0,1,0,2,1,0,0,0,4,2,4,3,3,5,3,4,2,3
8066597,4.25,4,3.65,3.420491803,3.646298255,3.233599842,3.358599842,4,0.347568209,4,7,7,6,7,5,6,7,2,5,6,6,3,7,6,5,4,5,5,4
8048076,2.833333333,3.307692308,3.066666667,3.066666667,3.131182796,3.004198669,3.066698669,3.566666667,-0.085765125,2,1,4,6,5,4,5,4,2,5,5,5,6,6,2,4,4,2,4,3
7995717,3.333333333,3.846153846,3.35,3.317213115,3.478503437,3.192789152,3.317789152,3.666666667,0.014234875,4,0,0,1,0,2,1,1,0,3,6,8,4,6,4,3,5,1,3,1
7977801,3.416666667,4.076923077,3.05,3.148360656,3.019328398,2.797106175,3.047106175,3.8,0.147568209,7,3,5,5,5,4,6,5,3,5,6,6,5,6,6,5,5,7,4,4
7891486,4,3.692307692,3.133333333,3.067759563,3.164533756,2.974057566,3.286557566,3.933333333,0.280901542,0,4,3,0,2,2,0,0,0,0,2,3,4,4,0,3,2,3,3,5
7791280,3.333333333,2.307692308,3.466666667,3.499453552,3.338163229,3.750861642,3.563361642,3.4,-0.252431791,2,2,3,2,4,1,1,2,2,2,4,5,5,3,1,2,2,3,5,3
7784811,3.916666667,3.846153846,3.683333333,3.421038251,3.550070509,3.296102255,3.764852255,4.066666667,0.414234875,0,0,0,0,0,0,0,0,0,0,3,3,1,4,1,3,1,4,1,4
7752402,3.583333333,4,2.85,3.046721311,3.17575357,3.17575357,3.05075357,3.733333333,0.080901542,8,6,6,4,7,7,8,8,2,5,6,9,6,6,6,6,6,5,6,5
7749203,3.5,2.461538462,3.3,3.168852459,3.297884717,3.329630749,3.235880749,3.933333333,0.280901542,0,1,0,0,0,4,3,4,0,2,7,11,3,2,11,5,3,7,5,4
7739613,3,3,3,3,3,3,3,3,-0.652431791,1,0,0,0,0,0,0,1,1,0,0,4,1,0,0,1,1,0,0,0
7700527,4.083333333,4.615384615,3.1,3.1,3.519354839,3.233640553,3.171140553,3.333333333,-0.319098458,2,1,2,3,3,1,1,4,1,0,0,2,3,1,3,2,1,2,0,2
7515773,2.833333333,3.461538462,3.216666667,3.708469945,3.514921558,3.070477114,3.507977114,4,0.347568209,6,5,5,6,4,5,5,8,2,6,5,4,5,4,2,4,5,5,3,4
7514395,3.583333333,3.692307692,3.65,3.453278689,3.453278689,3.326294562,3.763794562,3.7,0.047568209,1,5,2,2,3,4,4,1,1,1,3,4,0,2,0,2,1,4,3,2
7502556,3.75,4.153846154,2.983333333,3.311202186,3.311202186,2.803265678,3.240765678,3.766666667,0.114234875,2,2,1,2,4,2,4,2,1,1,5,3,2,2,1,1,1,2,1,3
7479255,3.75,3.923076923,3.333333333,3.005464481,3.392561255,2.884624747,3.197124747,4.433333333,0.780901542,2,2,5,2,1,9,1,4,0,0,1,7,5,2,3,4,3,8,7,6
7455922,3.666666667,2.923076923,3.216666667,3.511748634,3.285942182,3.254196151,3.160446151,3.766666667,0.114234875,6,5,5,5,3,5,3,3,2,3,8,5,5,5,5,5,7,4,5,3
7448820,3.75,3.461538462,3.65,3.420491803,3.420491803,3.293507676,3.387257676,3.633333333,-0.019098458,1,3,0,0,0,0,2,5,1,0,1,3,6,4,7,0,2,2,2,4
7406147,3.833333333,4.230769231,3.333333333,3.431693989,3.205887537,2.729697061,3.323447061,4.066666667,0.414234875,0,0,0,0,0,2,1,1,0,1,5,1,0,0,0,0,0,0,0,2
7378094,3.333333333,3.153846154,3.1,3.263934426,3.199418297,3.008942107,3.071442107,3.766666667,0.114234875,2,2,2,2,1,0,5,3,1,1,3,5,5,3,3,1,5,2,1,3
7348242,2.333333333,2.461538462,3.566666667,3.238797814,3.432346201,3.59107636,3.68482636,3.1,-0.552431791,3,5,6,3,2,2,4,4,0,2,4,6,4,3,3,5,4,3,2,2
7339014,3.583333333,3.846153846,3.183333333,3.380054645,3.315538516,2.934586135,3.184586135,3.466666667,-0.185765125,2,0,3,1,1,1,1,1,3,0,6,3,2,3,3,6,4,3,1,2
7329754,3,3.692307692,3.266666667,3.365027322,3.235995064,2.823296652,3.292046652,4.1,0.447568209,4,2,3,3,5,2,4,4,4,3,4,4,4,4,4,4,4,3,5,4
7315112,3.166666667,3,3.416666667,3.318306011,3.350564075,3.191833917,3.379333917,3.066666667,-0.585765125,2,1,3,0,1,0,2,1,1,1,1,5,6,5,5,5,5,8,5,2
7223859,3.416666667,3,3.166666667,3.56010929,3.56010929,3.274395004,3.086895004,3.666666667,0.014234875,0,0,0,0,0,0,2,3,1,0,5,10,6,10,6,2,2,0,0,1
7099868,3.75,3.384615385,3.233333333,3.39726776,3.235977437,3.235977437,3.267227437,3.233333333,-0.419098458,1,2,1,1,2,2,3,3,1,0,2,3,3,3,4,4,1,4,4,2
7067481,3.666666667,3.230769231,3.266666667,3.201092896,3.168834832,2.978358641,3.290858641,3.533333333,-0.119098458,8,7,5,6,5,2,5,6,2,2,4,6,9,5,5,7,7,8,7,6
7024710,2.666666667,3.307692308,3.516666667,3.516666667,3.419892473,3.419892473,3.482392473,3.8,0.147568209,0,1,0,1,0,0,2,0,0,0,11,9,9,7,7,4,8,5,3,5
7018231,4,4.769230769,3.616666667,3.419945355,3.871558258,3.36362175,3.64487175,4.566666667,0.914234875,6,5,5,4,2,3,7,3,2,1,6,5,7,4,2,7,4,6,2,0
6976755,3.583333333,3.384615385,2.916666667,3.31010929,3.116560903,3.021322807,3.271322807,3.066666667,-0.585765125,0,4,3,1,0,3,6,3,1,1,4,2,5,5,5,4,3,4,4,3
6974062,2.5,2.846153846,3.05,2.951639344,3.016155473,2.857425315,3.201175315,2.7,-0.952431791,0,0,0,0,2,1,0,3,2,0,0,3,2,3,3,0,2,3,3,1
6966788,3.666666667,3.076923077,3.666666667,3.273224044,3.208707915,3.272199978,3.459699978,4.366666667,0.714234875,0,0,0,0,0,0,2,0,0,0,0,2,3,3,1,2,4,1,2,3
6932549,2.75,2.692307692,3.366666667,3.366666667,3.302150538,3.365642601,3.303142601,3.066666667,-0.585765125,6,4,4,7,3,3,4,4,5,6,3,4,5,5,2,1,3,2,4,1
6777207,3.833333333,3.538461538,2.866666667,3.227322404,3.227322404,2.909862087,3.128612087,3.6,-0.052431791,0,0,0,0,0,0,0,0,0,0,2,4,5,3,3,3,3,5,0,2
6710326,2.5,2.230769231,3.55,3.353278689,3.159730301,3.508936651,3.446436651,2.766666667,-0.885765125,1,0,0,0,0,0,0,0,0,0,3,5,4,0,3,5,2,2,2,1
6692547,3,3.307692308,3.083333333,2.952185792,3.145734179,3.018750052,3.206250052,3.033333333,-0.619098458,2,1,2,1,1,1,0,2,0,0,5,7,3,1,1,3,4,4,3,3
6654060,3.5,2.846153846,3.1,3.296721311,3.103172924,3.325395147,3.356645147,3.833333333,0.180901542,5,7,5,6,4,1,2,1,2,5,3,3,3,2,1,3,3,2,4,3
6637482,2.75,3,3.5,3.172131148,3.430195664,3.398449632,3.398449632,3.633333333,-0.019098458,7,7,5,7,7,5,5,5,4,4,9,9,10,9,10,8,9,4,7,6
6572616,3.833333333,3.230769231,3.216666667,3.511748634,3.12465186,3.156397891,3.468897891,3.766666667,0.114234875,0,0,0,0,0,0,0,0,0,0,4,3,4,5,5,5,4,4,5,3
6553467,3.583333333,2.923076923,3.633333333,3.502185792,3.598959986,3.503721891,3.628721891,3.866666667,0.214234875,1,3,3,2,4,4,2,2,2,0,3,4,5,3,5,2,4,2,5,2
6547825,2.666666667,2.692307692,3.516666667,3.35273224,3.320474176,3.796664652,3.640414652,3.133333333,-0.519098458,3,0,0,0,0,0,0,0,0,0,5,3,7,3,2,4,3,0,1,5
6541162,3.416666667,3.153846154,3.4,3.268852459,3.55917504,3.273460754,3.242210754,3.666666667,0.014234875,5,5,3,4,2,1,5,2,1,2,3,3,6,6,6,7,6,7,7,4
6450853,2.75,3,3.316666667,3.218306011,3.347338269,3.18860811,3.34485811,3.5,-0.152431791,0,0,0,0,0,0,0,0,0,0,4,1,2,3,2,2,3,2,2,2
6380433,3.25,4,2.95,3.081147541,3.14566367,2.891695416,3.047945416,4.133333333,0.480901542,1,1,1,2,2,0,3,1,1,1,2,1,3,2,2,2,2,2,2,1
6337815,3.25,3.230769231,3.083333333,3.050546448,3.2763529,3.2763529,3.0263529,3.6,-0.052431791,2,1,1,2,0,1,0,1,0,0,6,4,3,4,3,1,2,4,2,2
6311035,4.25,3.384615385,2.916666667,3.244535519,2.889696809,3.175411095,2.956661095,3.433333333,-0.219098458,5,1,6,5,5,5,5,6,2,4,7,6,4,3,7,4,5,6,7,5
6303134,3.083333333,3.384615385,3.183333333,3.248907104,3.184390975,3.470105261,3.188855261,3.1,-0.552431791,0,1,0,0,0,0,0,0,0,0,4,2,4,4,2,5,3,6,4,4
6295940,3.333333333,3.384615385,3.4,3.662295082,3.43648863,3.214266408,3.589266408,3.933333333,0.280901542,6,5,1,3,2,3,5,3,1,3,3,3,6,6,6,3,6,4,4,4
6213753,4.666666667,5,3.316666667,3.382240437,3.382240437,2.747319802,2.903569802,4.533333333,0.880901542,0,0,1,6,1,0,0,0,0,0,2,5,1,3,2,4,3,4,2,2
6195947,3.75,3.923076923,3.3,3.23442623,3.202168165,2.662485625,3.193735625,3.9,0.247568209,5,0,3,4,5,1,1,2,1,3,6,5,4,4,2,3,4,4,4,4
6142591,3.5,3.307692308,3.4,3.432786885,3.400528821,3.146560567,3.396560567,3.633333333,-0.019098458,1,1,0,0,1,0,3,0,0,0,1,2,2,3,2,3,1,1,1,0
6099184,3.916666667,4.615384615,3.266666667,3.528961749,3.625735942,3.117799434,3.461549434,4.466666667,0.814234875,0,0,0,0,0,0,0,0,0,0,9,3,9,10,9,9,7,9,10,8
6099044,3.416666667,2.538461538,3.7,3.568852459,3.407562136,3.534546263,3.565796263,3.9,0.247568209,1,0,0,0,2,0,0,2,0,1,2,2,2,0,0,0,0,1,1,0
6085906,1.75,2.384615385,2.816666667,3.144535519,2.886471003,3.140439257,3.327939257,2.533333333,-1.119098458,2,1,3,1,2,2,4,4,1,2,4,3,4,1,2,2,2,1,1,0
6077204,4.166666667,4,3.366666667,3.235519126,3.300035255,2.887336842,3.262336842,4.3,0.647568209,3,2,1,2,1,1,0,2,0,1,5,5,4,5,5,5,4,5,5,4
6036921,3.666666667,2.769230769,3.2,3.26557377,3.3300899,3.107867677,3.326617677,3.666666667,0.014234875,3,5,6,4,2,3,3,3,0,3,5,5,7,5,6,7,6,4,6,5
6024583,3.75,3.461538462,3.483333333,3.319398907,3.383915036,3.09820075,3.28570075,3.433333333,-0.219098458,5,2,6,4,4,6,4,4,1,3,4,6,1,5,4,5,4,4,5,4
5991265,3.833333333,3.461538462,3.55,3.681147541,3.552115283,3.13941687,3.70191687,4.3,0.647568209,0,0,1,1,3,0,0,4,0,5,2,4,4,3,7,3,4,5,5,2
5982724,3.083333333,3.384615385,3.25,3.348360656,3.283844527,3.220352463,3.407852463,3.933333333,0.280901542,5,4,3,6,5,6,4,5,2,4,3,2,2,4,2,3,2,4,4,4
5945214,3.916666667,4.230769231,3.583333333,3.386612022,3.644676538,3.263724157,3.482474157,4.2,0.547568209,5,3,1,2,3,4,4,3,1,2,2,3,2,2,3,3,1,1,4,1
5936908,1.833333333,1.538461538,3.35,3.481147541,2.997276573,3.409974986,3.347474986,2.266666667,-1.385765125,4,1,2,0,2,4,1,3,0,1,1,5,4,3,4,5,3,1,2,1
5898398,4,4.538461538,3.483333333,3.253825137,3.447373524,2.844198921,3.375448921,4.333333333,0.680901542,0,0,3,0,4,0,2,2,1,2,0,4,4,2,1,3,0,1,2,1
5872083,3,3.384615385,3.116666667,3.444535519,3.02518068,2.993434649,3.243434649,3.533333333,-0.119098458,5,3,2,4,4,3,3,3,1,4,3,3,4,2,4,2,0,2,3,4
5865439,2.5,2.461538462,3.266666667,3.201092896,3.072060638,2.849838416,3.443588416,2.566666667,-1.085765125,4,2,1,0,2,0,3,3,1,0,5,5,4,1,2,5,3,5,4,3
5830426,3.166666667,3,3.083333333,3.116120219,3.116120219,3.084374187,3.021874187,3.233333333,-0.419098458,0,0,1,0,0,0,0,0,0,0,0,5,5,4,3,3,3,3,3,1
5817608,3.75,3.384615385,3.6,3.403278689,3.435536753,3.499028817,3.561528817,4,0.347568209,6,5,5,4,3,6,6,3,1,5,5,3,4,5,4,5,5,3,6,5
5757111,4.083333333,3.692307692,3.85,3.554918033,3.651692226,3.334231909,3.646731909,4.233333333,0.580901542,2,1,1,1,1,0,2,1,0,0,5,5,5,5,2,0,1,3,0,0
5734690,3.666666667,3.692307692,3.233333333,3.298907104,3.331165168,3.045450883,3.264200883,3.5,-0.152431791,2,3,3,2,0,1,4,3,0,0,2,3,3,5,3,6,5,4,4,2
5713639,3.666666667,2.461538462,3.683333333,3.683333333,3.58655914,3.396082949,3.802332949,3.266666667,-0.385765125,1,1,2,3,5,7,10,4,1,6,7,4,6,5,6,2,6,5,6,4
5705288,3.583333333,3.230769231,3.116666667,3.346174863,3.571981315,3.571981315,3.290731315,4.066666667,0.414234875,6,6,6,2,5,5,5,4,3,3,6,6,7,5,6,4,6,6,7,4
5685891,3.166666667,3.076923077,3.183333333,3.314480874,3.249964745,3.091234587,3.403734587,3.4,-0.252431791,0,1,7,1,0,1,1,0,1,1,4,3,2,2,0,3,1,1,2,0
5631135,4.333333333,3.846153846,3.2,3.396721311,3.332205182,3.014744865,3.452244865,3.933333333,0.280901542,3,2,1,1,3,4,5,4,1,4,3,2,3,3,4,4,2,3,1,0
5565174,2.666666667,2.846153846,3.366666667,3.399453552,3.205905165,2.951936911,3.295686911,3.666666667,0.014234875,6,6,4,4,5,7,3,5,0,5,9,6,8,7,6,9,6,8,8,10
5463339,3.916666667,4.307692308,3.75,3.487704918,3.745769434,3.174340863,3.674340863,4.266666667,0.614234875,6,3,2,2,1,3,3,4,2,2,7,4,5,4,4,4,4,1,1,3
5457976,2.583333333,2.461538462,3.466666667,3.269945355,3.398977613,3.462469677,3.431219677,2.733333333,-0.919098458,0,0,0,0,0,0,0,0,0,0,0,2,2,3,3,2,3,1,1,0
5346310,2.666666667,2.769230769,3.366666667,3.20273224,3.267248369,2.91804202,3.51179202,3.933333333,0.280901542,0,3,1,0,0,3,0,1,0,0,4,3,0,3,1,3,3,3,1,0
5343721,3.083333333,2.615384615,3.5,3.270491803,3.367265997,3.24028187,3.39653187,3.433333333,-0.219098458,7,1,1,4,5,3,3,2,1,1,3,3,5,6,5,5,7,4,6,2
5282577,4.25,3.538461538,3.083333333,3.214480874,3.278997003,2.866298591,3.053798591,3.966666667,0.314234875,2,2,0,2,0,0,3,0,0,0,6,4,0,0,2,0,1,0,0,0
5274406,3.166666667,3.461538462,3.366666667,3.432240437,3.464498502,3.210530248,3.585530248,3.766666667,0.114234875,1,2,2,0,0,0,0,3,0,1,6,4,3,3,5,1,2,1,1,0
5259185,3.833333333,3.230769231,3.233333333,3.266120219,3.266120219,2.885167838,3.447667838,3.866666667,0.214234875,2,0,2,2,1,2,0,1,2,0,4,4,3,2,4,3,4,1,4,1
5154721,3.166666667,3.307692308,3.566666667,3.435519126,3.661325577,3.661325577,3.317575577,3.9,0.247568209,6,4,4,2,1,2,3,3,1,3,3,5,4,1,2,2,0,3,2,5
5004738,2.5,2.076923077,3.3,3.168852459,3.136594395,3.295324553,3.295324553,3.6,-0.052431791,2,1,1,0,1,1,1,0,0,1,3,1,4,2,1,1,2,3,3,1
4972257,3.25,2.923076923,3.2,3.232786885,3.26504495,3.233298918,3.358298918,3.733333333,0.080901542,3,4,5,3,3,3,5,5,4,6,7,6,8,6,5,5,6,6,6,6
4950278,3.75,3.923076923,3.483333333,3.417759563,3.482275692,3.228307438,3.415807438,3.7,0.047568209,2,3,4,4,2,4,5,5,3,4,1,3,4,3,5,4,2,4,2,4
4947494,3.833333333,3.076923077,3.183333333,3.248907104,3.313423233,3.091201011,3.278701011,4,0.347568209,0,0,0,0,0,0,0,0,0,0,2,3,2,4,4,5,6,4,2,3
4894535,4.416666667,2.769230769,3.55,3.582786885,3.582786885,3.551040853,3.238540853,4,0.347568209,2,0,0,2,1,1,1,3,0,1,2,3,4,2,2,4,1,1,5,5
4880600,3.583333333,3.692307692,3.2,3.2,3.232258065,2.78781362,3.22531362,4.433333333,0.780901542,7,5,7,6,6,5,7,6,2,5,4,6,6,3,6,7,7,5,7,4
4847444,3.5,3.461538462,3.283333333,3.250546448,3.4763529,3.222384646,3.472384646,3.833333333,0.180901542,1,2,3,2,2,2,2,3,1,2,8,4,4,4,2,4,1,2,6,3
4813711,3.416666667,3,3.333333333,3.300546448,3.300546448,3.268800416,3.112550416,3.133333333,-0.519098458,4,3,4,1,0,0,2,0,2,1,4,7,4,2,2,3,2,4,3,3
4802964,3,3,3.2,3.167213115,3.231729244,3.072999085,3.135499085,3,-0.652431791,3,2,2,1,1,0,1,1,1,3,5,5,5,4,2,2,2,6,2,1
4755059,4.166666667,3.615384615,3.733333333,3.503825137,3.632857395,3.378889141,3.410139141,3.966666667,0.314234875,0,2,0,0,2,0,1,1,0,1,1,2,0,0,0,1,0,0,0,0
4712015,3.416666667,4.384615385,3.1,3.16557377,3.294606029,3.008891743,3.415141743,3.866666667,0.214234875,3,1,2,3,2,3,3,4,2,2,4,3,3,3,2,3,3,2,4,0
4696349,3.5,3.076923077,3.616666667,3.583879781,3.616137846,3.457407687,3.707407687,3.9,0.247568209,0,2,4,2,1,1,1,1,0,0,3,3,0,1,3,3,3,3,1,3
4689059,4,2.846153846,3.633333333,3.436612022,3.275321699,3.307067731,3.400817731,3.4,-0.252431791,4,3,4,2,3,1,3,4,2,1,7,7,7,6,5,7,8,7,6,5
4663458,3,4.153846154,3.566666667,3.40273224,3.564022563,3.786244785,3.786244785,3.8,0.147568209,0,0,0,0,2,0,0,0,0,0,1,3,0,1,1,0,1,0,0,0
4650675,2.916666667,3.076923077,3.066666667,3.165027322,3.390833774,2.882897266,3.320397266,3.333333333,-0.319098458,4,3,2,1,2,0,1,0,2,1,3,5,4,5,5,0,2,2,2,3
4631231,3.333333333,2.615384615,3.55,3.287704918,3.51351137,3.291289147,3.478789147,3.866666667,0.214234875,2,2,1,1,1,0,2,2,1,1,0,3,3,2,3,2,2,2,2,3
4599990,3.083333333,2.769230769,3.233333333,3.331693989,3.234919796,3.298411859,3.329661859,3.666666667,0.014234875,2,2,0,4,1,3,2,2,2,3,5,5,3,3,3,4,2,7,4,3
4595242,3,3.846153846,3.616666667,3.780601093,3.651568835,3.334108517,3.459108517,4,0.347568209,0,0,0,0,0,0,0,0,0,0,5,6,7,5,7,6,6,4,4,3
4589015,4.166666667,3.615384615,3.566666667,3.304371585,3.723726423,3.533250233,3.595750233,4.1,0.447568209,2,1,0,0,0,0,0,0,0,0,3,2,2,2,1,2,0,1,0,0
4567765,4.083333333,3.923076923,3.483333333,3.319398907,3.416173101,2.939982624,3.158732624,4.2,0.547568209,5,5,5,4,6,5,4,3,3,3,2,3,2,3,5,5,4,5,5,4
4425290,3.75,3.384615385,3.35,3.41557377,3.157509254,3.125763223,3.407013223,4.066666667,0.414234875,0,0,0,1,0,0,0,0,0,0,0,4,2,4,0,0,1,0,1,0
4362856,4,4.076923077,3.25,3.118852459,3.247884717,3.184392654,3.184392654,3.766666667,0.114234875,5,4,3,2,4,1,6,6,1,3,4,5,7,11,10,7,9,4,4,5
4316926,2.5,3.230769231,3.266666667,3.135519126,3.200035255,3.136543191,3.386543191,3.1,-0.552431791,0,0,0,0,0,0,0,0,0,0,1,2,3,1,4,1,1,1,2,1
4303823,4.5,3.846153846,3.1,3.231147541,3.231147541,2.945433255,3.039183255,4.333333333,0.680901542,0,0,0,0,0,0,0,0,0,0,3,5,6,2,0,0,0,0,0,1
4285466,4.083333333,3.692307692,3.25,3.348360656,3.348360656,3.189630497,3.470880497,4.1,0.447568209,8,6,11,6,5,5,7,4,3,3,9,4,7,7,2,5,1,6,6,4
4241423,3.25,3.923076923,2.983333333,3.14726776,3.405332276,2.992633863,3.211383863,4.2,0.547568209,0,7,2,6,0,2,4,4,0,8,3,6,7,10,0,0,0,2,6,4
4229533,3.166666667,2.461538462,3.533333333,3.402185792,3.466701921,3.403209858,3.403209858,2.933333333,-0.719098458,1,0,0,1,1,0,1,2,1,2,2,3,4,8,9,4,9,4,2,4
4117553,4.416666667,4.307692308,3.016666667,3.311748634,3.279490569,2.835046125,3.241296125,4.633333333,0.980901542,5,6,4,2,7,6,5,5,3,4,5,7,7,6,6,7,7,6,7,5
4045358,3.833333333,4,3.433333333,3.334972678,3.399488807,3.209012616,3.490262616,4.233333333,0.580901542,4,2,0,2,1,3,2,3,2,2,3,3,4,3,2,3,2,3,1,3
4007565,3.416666667,3.076923077,3.383333333,3.284972678,3.414004936,2.937814459,3.375314459,3.566666667,-0.085765125,2,0,4,8,6,4,8,4,3,6,6,9,9,8,12,9,8,5,6,4
3948515,4,3.692307692,3.3,3.23442623,3.427974617,3.078768267,3.297518267,3.8,0.147568209,5,4,3,3,2,2,2,1,1,0,6,4,4,5,1,3,4,4,3,3
3906461,3.583333333,3.538461538,3.383333333,3.284972678,3.317230742,3.221992647,3.440742647,3.766666667,0.114234875,4,5,5,5,3,4,4,5,1,4,5,5,5,0,4,2,2,4,1,2
3895592,4.083333333,3.923076923,3.65,3.420491803,3.61404019,3.201341778,3.576341778,4.233333333,0.580901542,2,2,0,2,0,0,0,2,1,1,2,2,2,2,1,0,0,0,0,2
3845160,3.333333333,3,2.9,2.932786885,3.094077208,3.348045462,3.066795462,2.9,-0.752431791,2,0,1,1,1,2,1,1,1,1,1,2,2,1,2,2,2,2,2,3
3776701,3,2.384615385,3.266666667,3.10273224,3.10273224,3.166224304,3.103724304,2.933333333,-0.719098458,0,1,2,3,3,4,3,3,1,2,4,3,3,0,4,2,2,3,2,2
3772598,3.416666667,2.923076923,3.483333333,3.188251366,3.28502556,3.665977941,3.603477941,4.066666667,0.414234875,3,2,1,1,2,2,2,1,2,3,3,3,6,3,3,2,3,3,1,2
3771112,3,2.769230769,3.583333333,3.386612022,3.612418473,3.326704188,3.639204188,4.2,0.547568209,2,0,1,1,13,3,3,4,0,1,17,8,13,7,4,11,9,7,10,1
3761388,3.916666667,3.461538462,3.25,3.217213115,3.281729244,2.996014958,3.183514958,4,0.347568209,1,1,0,1,1,0,0,1,1,0,2,3,4,3,4,4,2,2,2,0
3752024,4,4.461538462,3.166666667,3.232240437,3.361272695,2.916828251,3.104328251,3.933333333,0.280901542,1,2,2,3,2,3,2,3,1,0,0,2,1,0,1,1,0,3,1,0
3613263,3.416666667,3,3.65,3.453278689,3.614569011,3.360600757,3.641850757,3.733333333,0.080901542,5,3,2,2,3,2,3,1,0,2,6,4,6,2,6,3,6,7,4,3
3607503,4.333333333,4.615384615,3.366666667,3.432240437,3.561272695,3.148574283,3.398574283,4.233333333,0.580901542,2,2,3,4,2,2,0,2,1,2,5,5,8,8,2,6,5,6,3,2
3576039,3.416666667,3,3.65,3.453278689,3.356504495,3.45174259,3.45174259,3.966666667,0.314234875,6,6,5,3,2,4,4,0,1,1,5,5,2,2,0,0,0,0,0,0
3555363,3.916666667,3.230769231,3.183333333,3.216120219,3.312894412,2.868449968,3.337199968,3.333333333,-0.319098458,4,3,2,0,0,4,5,3,0,3,5,3,4,4,5,5,5,4,3,2
3524249,4,3.846153846,3.466666667,3.433879781,3.466137846,3.085185465,3.397685465,3.866666667,0.214234875,3,2,3,6,3,5,5,4,2,3,4,6,5,4,4,1,6,7,6,4
3479008,3.583333333,2.615384615,3.15,3.313934426,3.217160233,3.185414201,3.310414201,3.466666667,-0.185765125,2,2,2,3,2,3,3,2,1,2,4,4,4,2,4,8,2,7,5,4
3465891,3.5,3.461538462,3.366666667,3.465027322,3.400511193,3.495749289,3.370749289,3.8,0.147568209,0,1,1,2,1,2,1,0,0,1,4,3,5,4,7,6,4,5,4,4
3450004,2.416666667,2.307692308,3.366666667,3.497814208,3.36878195,3.210051791,3.460051791,2.233333333,-1.419098458,0,0,0,0,0,0,0,0,0,0,1,3,3,3,3,3,6,3,5,3
3445767,3.833333333,3.153846154,3.4,3.268852459,3.301110524,3.332856555,3.426606555,4,0.347568209,8,6,0,2,4,3,1,4,2,4,6,5,6,5,5,6,5,5,7,5
3424563,3.333333333,1.846153846,3.266666667,3.430601093,3.108020448,3.647702987,3.585202987,3.5,-0.152431791,3,2,3,0,1,1,3,2,2,2,5,4,3,2,4,2,2,4,3,2
3414626,1.75,1.923076923,3.316666667,3.349453552,3.317195487,3.666401837,3.635151837,2.933333333,-0.719098458,3,2,1,2,2,0,4,4,4,4,2,7,8,5,6,5,5,6,4,6
3380770,4,4,3.4,3.662295082,3.307456372,3.180472245,3.555472245,4.333333333,0.680901542,0,0,0,0,0,0,0,0,0,0,4,5,7,6,8,6,7,6,6,3
3363427,3.916666667,4.307692308,3.583333333,2.993169399,3.444782302,3.063829921,3.501329921,4.366666667,0.714234875,2,3,4,5,5,4,3,3,2,2,0,4,4,5,4,4,5,4,4,4
3245442,4,3,3.483333333,3.680054645,3.615538516,3.488554389,3.707304389,3.566666667,-0.085765125,1,0,0,0,0,0,0,0,0,0,0,2,0,0,0,1,0,1,0,0
3140473,3.5,2.384615385,3.5,3.467213115,3.628503437,3.596757406,3.628007406,3.233333333,-0.419098458,0,2,0,2,1,2,0,0,0,0,2,3,4,3,4,3,5,1,5,3
3137978,3,3.153846154,3.083333333,3.214480874,3.053190552,3.243666742,3.337416742,3.8,0.147568209,2,0,0,0,0,0,3,1,1,0,2,4,3,0,1,1,1,0,0,0
3136767,4,3.769230769,3.3,3.529508197,3.464992068,3.369753972,3.526003972,4.033333333,0.380901542,0,4,5,3,3,5,3,1,3,3,4,4,5,5,1,4,5,4,4,3
3041523,3.166666667,3,3.133333333,3.198907104,3.069874846,3.228605004,3.322355004,3.833333333,0.180901542,5,1,5,5,2,5,7,7,0,3,5,9,3,3,3,6,3,5,6,4
3036253,2.833333333,3.307692308,3.616666667,3.38715847,3.451674599,3.324690472,3.793440472,4,0.347568209,0,3,1,0,0,1,3,2,3,0,6,5,5,5,5,5,7,6,5,5
2942824,2.583333333,3,3.05,3.443442623,2.99182972,3.087067815,3.462067815,3.233333333,-0.419098458,3,2,3,5,5,5,5,1,0,0,5,4,5,4,4,2,0,0,0,0
2927540,2.583333333,3.384615385,3.566666667,3.763387978,3.408549268,3.376803237,3.720553237,3.466666667,-0.185765125,6,0,1,6,6,5,0,6,0,6,0,3,2,7,4,2,2,3,4,0
2927483,3.166666667,3.230769231,3.116666667,3.378961749,3.346703684,3.378449716,3.534699716,4.066666667,0.414234875,0,0,1,1,3,0,2,0,1,0,2,4,3,0,3,2,3,0,0,0
2850841,3.833333333,3.076923077,3.6,3.796721311,3.441882602,3.568866729,3.631366729,3.966666667,0.314234875,2,2,0,1,1,1,0,0,1,0,5,6,7,8,4,10,3,5,9,5
2824866,3.583333333,3.307692308,3.45,3.581147541,3.613405605,3.32769132,3.35894132,3.833333333,0.180901542,5,4,5,5,3,5,3,3,3,3,8,6,4,4,5,4,2,0,5,2
2801749,3.916666667,3.615384615,3.033333333,3.19726776,3.390816147,3.073355829,3.354605829,4,0.347568209,0,0,0,0,0,1,1,0,0,0,2,2,2,0,1,1,1,0,0,0
2786458,3.666666667,2.692307692,3.433333333,3.531693989,3.46717786,3.340193733,3.590193733,3.3,-0.352431791,0,0,0,0,0,0,0,0,0,0,1,6,5,2,0,1,1,2,3,1
2728355,2.5,2.846153846,3.016666667,3.246174863,3.246174863,2.960460578,3.179210578,3.266666667,-0.385765125,0,0,0,0,0,0,0,0,0,0,6,6,5,2,6,2,2,0,0,0
2625700,2.583333333,2.307692308,3.166666667,3.199453552,3.134937423,3.357159645,3.232159645,3.133333333,-0.519098458,2,3,2,2,2,3,2,2,2,2,5,3,2,3,4,3,4,4,4,3
2462124,2.166666667,1.923076923,3.2,3.003278689,3.035536753,3.416489134,3.603989134,2.7,-0.952431791,1,1,0,0,0,0,0,0,0,0,0,1,0,0,0,0,0,0,0,0
2451496,3.333333333,3.307692308,3.366666667,3.333879781,3.204847523,3.109609428,3.359609428,3.733333333,0.080901542,4,1,1,2,2,4,3,3,2,4,3,3,3,2,3,2,0,1,1,2
2448383,2.25,2.538461538,3.116666667,3.215027322,3.150511193,3.055273098,3.274023098,2.9,-0.752431791,1,5,5,5,4,4,6,4,2,3,5,4,4,3,4,3,2,2,2,2
2424215,3.833333333,3.461538462,3.6,3.436065574,3.468323638,3.50006967,3.37506967,3.866666667,0.214234875,4,2,3,2,1,0,0,1,1,0,4,4,0,1,0,1,1,0,1,1
2420394,3.166666667,3.153846154,3.35,3.186065574,3.057033316,2.803065062,3.240565062,3.8,0.147568209,3,4,2,2,2,4,4,3,2,3,4,4,5,4,4,4,7,3,6,3
2409675,3.083333333,2.461538462,3.433333333,3.59726776,3.177912921,3.177912921,3.677912921,3.333333333,-0.319098458,3,2,2,2,2,3,3,2,0,2,3,6,3,1,3,2,3,3,3,0
2357201,3.333333333,2.769230769,3.016666667,3.246174863,3.407465186,3.248735027,3.248735027,3.266666667,-0.385765125,0,0,0,0,0,0,0,0,0,0,5,5,5,6,6,5,6,6,6,4
2315043,3.083333333,3.846153846,2.883333333,3.11284153,3.274131853,2.829687408,2.860937408,3.2,-0.452431791,0,0,0,0,0,0,0,0,0,0,2,1,1,1,3,0,2,0,0,0
2313549,4.25,3.076923077,3.466666667,3.269945355,3.398977613,3.018025232,3.268025232,3.933333333,0.280901542,4,2,2,1,1,1,1,3,1,2,1,3,2,5,2,0,2,1,3,2
2284133,3.5,3.615384615,3.083333333,3.148907104,3.213423233,3.022947042,3.210447042,3.7,0.047568209,3,3,1,2,2,1,1,2,0,0,2,2,4,2,3,2,3,2,0,2
2277607,1.833333333,1.769230769,3.583333333,3.025956284,3.122730478,3.567174922,3.598424922,2.5,-1.152431791,2,2,1,1,0,0,0,3,1,0,4,2,1,3,1,2,1,1,1,0
2254322,3,2.692307692,3.15,3.051639344,2.954865151,3.240579436,3.271829436,2.666666667,-0.985765125,0,0,0,0,0,0,0,0,0,0,1,4,6,4,5,3,1,6,1,0
2232693,4,3.461538462,3.35,3.41557377,3.4800899,3.353105773,3.196855773,3.7,0.047568209,4,1,1,1,2,3,3,2,0,4,9,9,4,3,6,3,0,2,3,1
2222040,3.5,3.307692308,2.983333333,3.180054645,3.276828838,3.213336775,3.182086775,3.7,0.047568209,2,3,2,2,2,2,1,3,1,2,0,7,5,4,3,2,6,7,2,1
2197963,3.666666667,3.692307692,3.433333333,3.433333333,3.304301075,3.304301075,3.335551075,4.1,0.447568209,1,0,2,1,2,3,3,3,4,2,6,3,4,3,3,4,5,4,5,3
2196603,2.25,3.615384615,3.283333333,3.086612022,3.280160409,3.597620726,3.628870726,2.8,-0.852431791,5,3,3,4,3,1,2,0,0,0,3,2,3,2,2,0,0,0,0,0
2191928,3.25,2.692307692,3.25,3.31557377,3.3800899,3.443581963,3.349831963,3.2,-0.452431791,5,2,4,3,5,4,4,3,1,3,2,3,6,4,6,5,4,6,6,3
2181249,2.333333333,2.615384615,3.116666667,3.018306011,3.115080204,3.337302427,3.243552427,2.966666667,-0.685765125,3,3,3,1,2,2,1,0,0,0,0,2,2,0,1,0,0,1,0,0
2178358,3.166666667,3.153846154,3.1,3.198360656,3.198360656,3.039630497,3.570880497,4.133333333,0.480901542,0,0,4,2,4,5,5,1,1,1,2,3,3,3,3,3,6,2,1,1
2029486,4.166666667,3.923076923,3.166666667,3.265027322,3.265027322,2.947567005,3.103817005,3.766666667,0.114234875,8,8,7,9,8,8,6,8,5,6,8,10,9,9,9,9,9,9,9,5
2011572,2.25,2,3.016666667,3.377322404,2.957967566,3.307173915,3.119673915,3.433333333,-0.219098458,0,0,0,0,0,0,0,0,0,0,2,4,2,4,0,1,3,1,3,1
1943525,3.75,3.153846154,3.016666667,2.885519126,2.788744932,2.7569989,3.0694989,3.033333333,-0.619098458,3,4,2,4,1,2,3,4,1,2,2,3,1,2,3,3,2,3,2,2
1906779,3.083333333,2.692307692,3.266666667,3.201092896,3.29786709,3.170882963,3.358382963,3.3,-0.352431791,4,3,4,3,4,4,5,7,1,5,4,7,4,5,3,4,1,5,4,2
1903936,3.833333333,3.384615385,3.25,3.25,3.282258065,2.901305684,3.120055684,3.7,0.047568209,3,2,0,3,3,4,3,3,2,3,2,4,5,3,5,8,5,6,5,2
1875106,3.5,3.461538462,3.233333333,3.134972678,3.296263,3.201024905,3.138524905,3.666666667,0.014234875,0,0,0,0,0,0,0,0,0,0,2,5,7,4,5,5,2,3,4,2
1862514,4.083333333,3.230769231,3.583333333,3.288251366,3.481799753,3.100847372,3.319597372,4.166666667,0.514234875,6,6,5,6,5,5,2,3,3,4,7,5,5,5,5,5,5,4,5,3
1843421,3.333333333,2.615384615,3.316666667,3.447814208,3.383298079,3.351552047,3.382802047,3.2,-0.452431791,0,2,4,6,6,6,5,7,3,7,5,7,7,6,6,6,4,5,6,6
1835054,3.083333333,3.076923077,3.7,3.404918033,3.275885775,3.244139743,3.587889743,4.3,0.647568209,0,3,4,0,4,2,1,2,2,3,3,4,2,2,3,2,1,2,0,2
1777648,3.75,3.230769231,3.233333333,3.167759563,3.038727305,3.1339654,3.4464654,3.666666667,0.014234875,1,2,5,4,2,2,0,3,3,3,1,2,4,2,5,5,2,3,4,3
1746828,3,2.769230769,3.5,3.303278689,3.561343205,3.6565813,3.4378313,3.033333333,-0.619098458,3,0,2,3,4,0,2,3,1,0,3,4,5,5,5,6,3,2,4,4
1734105,2.916666667,2.923076923,3.05,3.11557377,3.1800899,3.116597836,3.147847836,3,-0.652431791,8,6,6,7,8,6,6,6,5,4,4,2,4,4,2,4,5,2,5,3
1679619,3.5,3.076923077,3.183333333,3.216120219,2.958055702,2.989801734,2.989801734,3.533333333,-0.119098458,1,2,2,0,0,1,1,1,1,1,2,4,0,1,3,2,1,0,0,0
1577584,4.083333333,4.538461538,3.216666667,3.347814208,3.541362595,3.287394341,3.193644341,3.866666667,0.214234875,0,1,0,0,0,0,0,0,0,0,2,4,3,4,3,1,1,0,0,0
1504432,4.166666667,4.307692308,3.483333333,3.384972678,3.514004936,3.037814459,3.287814459,4.266666667,0.614234875,2,2,2,6,4,8,7,5,5,6,0,3,4,3,2,7,7,6,3,3
1489478,2.666666667,2.230769231,3.383333333,3.350546448,3.22151419,3.602466571,3.664966571,3.5,-0.152431791,5,4,3,4,4,6,6,2,2,2,3,5,4,4,4,2,2,3,4,4
1458998,3.416666667,4.461538462,3.233333333,3.331693989,3.718790763,3.274346319,3.243096319,3.933333333,0.280901542,0,3,2,0,2,0,2,4,1,1,3,8,4,4,3,3,2,5,3,3
1458941,3.166666667,3.076923077,3.066666667,3.165027322,3.068253129,3.004761065,3.067261065,3.466666667,-0.185765125,2,4,3,2,3,4,4,4,2,3,3,3,5,3,5,5,5,2,1,2
1457254,3.25,3.846153846,3.633333333,3.731693989,3.570403666,3.44341954,3.47466954,3.733333333,0.080901542,1,0,0,0,0,0,0,1,1,0,0,4,1,0,0,1,1,0,0,0
1409016,3,3.230769231,2.883333333,3.276775956,3.180001763,3.053017636,3.240517636,2.233333333,-1.419098458,0,0,0,0,1,0,0,1,0,0,2,0,0,1,0,0,0,2,0,1
1380143,2.666666667,3.153846154,3.4,3.531147541,3.59566367,3.468679543,3.593679543,3.433333333,-0.219098458,4,0,0,1,1,2,2,2,0,0,1,6,8,4,3,1,4,2,1,0
1378047,3.666666667,3.153846154,3.083333333,3.214480874,3.18222281,3.213968842,3.182718842,3.866666667,0.214234875,0,1,0,1,0,0,1,1,0,0,0,1,5,5,3,3,4,2,0,2
1370201,2.5,2.692307692,3.6,3.304918033,3.240401904,3.335639999,3.241889999,2.7,-0.952431791,4,5,5,3,4,3,3,4,1,2,5,6,4,6,5,4,6,6,1,5
1367829,3.25,3.461538462,3.333333333,3.333333333,3.301075269,3.174091142,3.455341142,3.066666667,-0.585765125,3,3,3,2,4,2,5,1,0,2,2,2,2,0,1,2,3,0,0,2
1299073,3.583333333,3.769230769,2.983333333,3.14726776,3.14726776,2.925045537,3.331295537,4,0.347568209,5,3,0,4,3,1,1,1,1,0,9,9,9,9,6,4,6,6,7,5
1270310,4.083333333,3.692307692,3.183333333,3.084972678,3.149488807,2.927266584,2.989766584,3.666666667,0.014234875,1,1,0,2,1,0,0,0,0,0,2,2,4,6,3,2,3,3,5,2
1254542,2.583333333,2.923076923,3.133333333,3.231693989,3.231693989,3.104709862,3.198459862,3.333333333,-0.319098458,0,0,0,0,0,0,0,0,0,0,0,4,5,2,0,0,0,2,0,3
1224438,3.25,2.615384615,3.433333333,3.433333333,3.207526882,3.080542755,3.268042755,3.566666667,-0.085765125,4,4,4,3,4,3,3,3,0,1,3,2,3,1,4,1,3,2,0,2
1211514,3.833333333,4.076923077,3.266666667,3.332240437,3.396756566,2.92056609,3.38931609,4.066666667,0.414234875,2,3,3,3,2,3,4,3,3,3,3,5,5,4,2,3,4,2,2,2
1207262,4.333333333,4.153846154,3.366666667,3.432240437,3.303208179,3.207970084,3.457970084,3.7,0.047568209,5,5,5,4,5,5,5,5,3,3,5,2,4,5,5,6,4,6,5,3
1163277,2.833333333,2.307692308,3.2,3.232786885,3.103754627,3.611691135,3.424191135,3.1,-0.552431791,4,1,2,2,2,1,2,2,0,2,3,1,2,3,1,1,1,1,1,0
1093287,3.583333333,3.307692308,3.433333333,3.105464481,3.16998061,3.074742515,3.512242515,4.233333333,0.580901542,0,0,0,0,0,0,0,0,0,0,5,5,5,6,6,5,6,6,6,4
1067266,3.5,3.692307692,3.4,3.432786885,3.271496563,3.017528309,3.486278309,3.766666667,0.114234875,1,0,1,0,0,0,2,1,2,3,2,5,6,3,4,4,6,2,4,3
916067,3.083333333,3.307692308,3.35,3.35,3.446774194,3.129313876,3.348063876,3.6,-0.052431791,3,2,2,1,3,0,3,2,0,1,2,2,1,2,3,2,3,2,3,2
898739,4.166666667,4.307692308,3.266666667,3.168306011,3.426370527,3.204148305,3.391648305,4.2,0.547568209,11,7,10,10,4,10,4,7,5,6,11,3,10,7,10,10,8,9,8,5
779022,2.916666667,3.615384615,3.666666667,3.568306011,3.697338269,3.570354142,4.039104142,4.2,0.547568209,0,0,0,0,0,0,0,0,0,0,5,5,5,5,7,8,6,5,4,3
744594,3.333333333,3.307692308,3.2,3.2,3.232258065,3.137019969,3.168269969,3.233333333,-0.419098458,0,0,0,2,2,1,3,1,0,1,7,3,5,6,7,2,6,5,6,2
731567,2.5,3.384615385,3.516666667,3.385519126,3.288744932,3.320490964,3.632990964,3.366666667,-0.285765125,0,0,0,0,0,0,0,0,0,0,1,3,4,4,4,2,4,4,3,4
653027,3.916666667,3.769230769,2.95,3.245081967,3.180565838,2.67262933,3.04762933,3.966666667,0.314234875,2,1,1,1,2,1,1,2,1,1,1,2,3,2,1,3,1,0,0,0
620103,4.166666667,2.846153846,3.6,3.763934426,3.699418297,3.38195798,3.41320798,3.633333333,-0.019098458,3,0,2,2,3,6,4,5,0,3,4,6,4,4,2,5,2,3,2,3
589066,3.083333333,3.846153846,2.95,3.409016393,3.054177684,2.958939589,3.396439589,2.8,-0.852431791,1,1,1,2,2,2,3,2,0,1,1,2,3,1,2,2,1,0,0,1
569109,4.333333333,3.846153846,3.416666667,3.056010929,3.475365768,3.221397514,3.440147514,4.066666667,0.414234875,4,4,2,5,3,4,4,5,2,4,0,4,4,4,4,4,4,4,2,3
563471,3.75,3.076923077,3.35,3.41557377,3.351057641,3.224073514,3.505323514,3.966666667,0.314234875,1,0,0,0,0,0,0,1,0,1,2,2,2,2,6,4,4,3,5,5
531193,2.916666667,2.769230769,3.65,3.453278689,3.388762559,3.515746686,3.546996686,3.7,0.047568209,3,3,0,4,4,1,0,2,0,1,1,4,4,4,2,4,3,3,3,1
521496,3,3.076923077,3.316666667,3.218306011,3.347338269,3.029877952,3.498627952,3.6,-0.052431791,6,6,6,6,5,6,5,6,3,6,4,5,5,6,5,5,5,5,5,4
505453,3.5,4.230769231,3.45,3.286065574,3.253807509,3.031585287,3.594085287,4,0.347568209,5,0,6,8,4,6,6,5,0,2,3,6,4,3,4,4,5,1,0,4
468035,3.75,3.692307692,3.333333333,3.398907104,3.431165168,3.050212787,3.487712787,4.233333333,0.580901542,0,1,3,1,3,3,2,0,1,2,2,4,2,5,3,3,3,2,3,2
320692,3.333333333,2.538461538,3.583333333,3.419398907,3.322624714,3.322624714,3.447624714,3.5,-0.152431791,3,3,4,1,6,2,4,5,4,5,8,6,5,0,1,4,2,1,2,0
216510,2.666666667,2.384615385,2.9,2.83442623,2.898942359,3.057672517,3.151422517,3.033333333,-0.619098458,2,2,2,2,2,1,2,2,1,1,0,1,1,1,0,0,0,0,0,0
197000,3.583333333,3.307692308,3.133333333,3.264480874,3.167706681,3.262944776,3.356694776,3.8,0.147568209,0,0,0,2,0,0,1,1,1,3,3,4,4,2,4,5,2,2,2,2
168960,2.25,2.230769231,3.3,2.906557377,3.164621893,3.577320306,3.452320306,3.166666667,-0.485765125,0,0,0,0,0,0,0,0,0,0,0,5,9,7,6,5,5,3,5,4
134831,2.833333333,3.461538462,3.266666667,3.03715847,3.198448793,3.039718634,3.289718634,3.9,0.247568209,1,2,2,1,2,3,2,3,0,3,3,5,3,4,4,2,2,3,0,2
131392,2.5,3.307692308,3.266666667,3.233879781,3.556460427,3.239000109,3.551500109,3.6,-0.052431791,1,0,1,0,0,0,0,0,0,0,4,5,3,4,2,2,0,1,0,0
113644,4.166666667,4.538461538,3.7,3.273770492,3.596351137,3.056668597,3.587918597,4.733333333,1.080901542,4,3,4,3,5,4,4,4,3,3,4,5,6,6,4,5,4,4,3,3
